source,url,category,detail,caveats,version,zarr_format,dtype,axes,shape,chunks,shards,codecs,levels,pyramid,pyramid_fallback,chunks_per_brick,labels,omero,cors,decode,plate_field_opens,ms
Kiln gallery,https://ome-zarr-scivis.s3.us-east-1.amazonaws.com/v0.5/96x2/woodbranch.ome.zarr,opens,,legacy pyramid fallback,0.5,3,uint16,zyx,2048x2048x2048,128x128x128,,bytes+zstd,5,legacy,level 1 z: 1012 voxels do not match factor 2 of 2048,8,false,true,ok,ok,,2957
Kiln gallery,https://d39zu0xtgv0613.cloudfront.net/beechnut.ome.zarr,opens,,,0.5,3,uint16,zyx,1546x1024x1024,97x128x128,,bytes+zstd,5,native,,8,false,true,ok,ok,,8442
Kiln gallery,https://ome-zarr-scivis.s3.us-east-1.amazonaws.com/v0.5/96x2/pancreas.ome.zarr,opens,,,0.5,3,int16,zyx,512x512x240,64x128x60,,bytes+zstd,3,native,,12,false,true,ok,ok,,1797
Kiln gallery,https://ome-zarr-scivis.s3.us-east-1.amazonaws.com/v0.5/96x2/backpack.ome.zarr,opens,,,0.5,3,uint16,zyx,373x512x512,47x128x128,,bytes+zstd,3,native,,8,false,true,ok,ok,,1741
Kiln gallery,https://ome-zarr-scivis.s3.us-east-1.amazonaws.com/v0.5/96x2/kingsnake.ome.zarr,opens,,,0.5,3,uint8,zyx,795x1024x1024,100x128x128,,bytes+zstd,4,native,,8,false,true,ok,ok,,1917
Kiln gallery,https://ome-zarr-scivis.s3.us-east-1.amazonaws.com/v0.5/96x2/pawpawsaurus.ome.zarr,opens,,,0.5,3,uint16,zyx,1088x646x958,136x81x120,,bytes+zstd,4,native,,8,false,true,ok,ok,,2006
Kiln gallery,https://d39zu0xtgv0613.cloudfront.net/sma2022-07-13-10.zarr,opens,,,0.4,2,float32,zyx,400x1440x1023,256x256x256,,blosc/lz4,3,native,,8,false,false,ok,ok,,4884
Kiln gallery,https://uk1s3.embassy.ebi.ac.uk/bia-integrator-data/S-BSST410/IM4/IM4.zarr/0,opens,,thin chunks (>32 chunks per brick),0.4,2,uint16,tczyx,1x4x103x512x512,1x1x1x512x512,,blosc/lz4,2,native,,40,false,true,ok,ok,,5019
Kiln gallery,https://uk1s3.embassy.ebi.ac.uk/bia-integrator-data/S-BIAD425/IM500/IM500.zarr/0,opens,,thin chunks (>32 chunks per brick),0.4,2,uint8,tczyx,1x2x46x512x1024,1x1x1x512x1024,,blosc/lz4,3,native,,46,false,true,ok,ok,,2822
Kiln gallery,https://d39zu0xtgv0613.cloudfront.net/multichannel/4496763.zarr/4496763.zarr,opens,,labels not shown,0.4,2,uint16,czyx,4x25x2048x2048,1x1x2048x2048,,zstd,6,native,,25,true,true,ok,ok,,3888
Kiln gallery,https://d39zu0xtgv0613.cloudfront.net/Fly-eFISH/NP01_1_1_SS00790_AstA546_CCHa1_647_1x_LOL.chunked.zarr,opens,,,0.4,2,uint16,tczyx,1x4x752x1920x1920,1x1x128x128x128,,blosc/lz4,4,native,,8,false,true,ok,ok,,5565
IDR · other_samples,https://livingobjects.ebi.ac.uk/idr/share/ome2024-ngff-challenge/0.0.5/6001240.zarr,opens,,thin chunks (>32 chunks per brick),0.5,3,uint16,czyx,2x236x275x271,1x1x275x271,2x236x275x271,sharding+bytes+blosc,3,native,,66,false,true,ok,ok,,4020
IDR · other_samples,https://livingobjects.ebi.ac.uk/idr/share/ome2024-ngff-challenge/0.0.5/6001240_labels.zarr,opens,,thin chunks (>32 chunks per brick); labels not shown,0.5,3,uint16,czyx,2x236x275x271,1x1x256x256,1x10x512x512,sharding+bytes+blosc,3,native,,66,true,true,ok,ok,,3015
IDR · other_samples,https://livingobjects.ebi.ac.uk/idr/share/ome2024-ngff-challenge/4496763.zarr,opens,,,0.5,3,uint16,czyx,4x25x2048x2048,1x1x2048x2048,4x1x2048x2048,sharding+bytes+blosc,6,native,,25,false,true,ok,ok,,3592
IDR · other_samples,https://livingobjects.ebi.ac.uk/idr/share/ome2024-ngff-challenge/idr0044/4007801.zarr,opens,,time series (first timepoint only); thin chunks (>32 chunks per brick),0.5,3,uint16,tczyx,532x2x988x2048x2169,1x1x32x32x32,1x1x512x512x512,sharding+bytes+blosc,5,native,,64,false,true,ok,ok,,3507
IDR · other_samples,https://livingobjects.ebi.ac.uk/idr/share/ome2024-ngff-challenge/idr0048/9846151.zarr,opens,,thin chunks (>32 chunks per brick),0.5,3,uint16,tczyx,1x3x1402x5192x2947,1x1x1x1024x1024,1x1x1x4096x4096,sharding+bytes+blosc,6,native,,66,false,true,ok,ok,,3894
IDR · other_samples,https://livingobjects.ebi.ac.uk/idr/share/ome2024-ngff-challenge/idr0048/9846151_3D_chunks.zarr,opens,,thin chunks (>32 chunks per brick),0.5,3,uint16,tczyx,1x3x1402x5192x2947,1x1x32x32x32,1x1x32x512x512,sharding+bytes+blosc,6,native,,64,false,true,ok,ok,,3163
IDR · other_samples,https://livingobjects.ebi.ac.uk/idr/share/ome2024-ngff-challenge/idr0083/9822152.zarr,opens,,2D (single z-slice),0.5,3,uint16,tczyx,1x1x1x93184x144384,1x1x1x1024x1024,1x1x1x4096x4096,sharding+bytes+blosc,11,native,,1,false,true,ok,ok,,4034
IDR · idr0090_samples,https://livingobjects.ebi.ac.uk/idr/share/ome2024-ngff-challenge/idr0090/190129.zarr,hcs-plate,first field: https://livingobjects.ebi.ac.uk/idr/share/ome2024-ngff-challenge/idr0090/190129.zarr/B/7/0,,,3,,,,,,,0,,,,false,false,ok,,true,2245
IDR · idr0090_samples,https://livingobjects.ebi.ac.uk/idr/share/ome2024-ngff-challenge/idr0090/190206.zarr,hcs-plate,first field: https://livingobjects.ebi.ac.uk/idr/share/ome2024-ngff-challenge/idr0090/190206.zarr/B/2/0,,,3,,,,,,,0,,,,false,false,ok,,true,1884
IDR · idr0090_samples,https://livingobjects.ebi.ac.uk/idr/share/ome2024-ngff-challenge/idr0090/190211.zarr,hcs-plate,first field: https://livingobjects.ebi.ac.uk/idr/share/ome2024-ngff-challenge/idr0090/190211.zarr/A/6/0,,,3,,,,,,,0,,,,false,false,ok,,true,2259
IDR · idr0090_samples,https://livingobjects.ebi.ac.uk/idr/share/ome2024-ngff-challenge/idr0090/190220.zarr,hcs-plate,first field: https://livingobjects.ebi.ac.uk/idr/share/ome2024-ngff-challenge/idr0090/190220.zarr/A/5/0,,,3,,,,,,,0,,,,false,false,ok,,true,1873
IDR · idr0090_samples,https://livingobjects.ebi.ac.uk/idr/share/ome2024-ngff-challenge/idr0090/190227.zarr,hcs-plate,first field: https://livingobjects.ebi.ac.uk/idr/share/ome2024-ngff-challenge/idr0090/190227.zarr/B/7/0,,,3,,,,,,,0,,,,false,false,ok,,true,2629
IDR · idr0090_samples,https://livingobjects.ebi.ac.uk/idr/share/ome2024-ngff-challenge/idr0090/190313.zarr,hcs-plate,first field: https://livingobjects.ebi.ac.uk/idr/share/ome2024-ngff-challenge/idr0090/190313.zarr/A/5/0,,,3,,,,,,,0,,,,false,false,ok,,true,1846
IDR · idr0090_samples,https://livingobjects.ebi.ac.uk/idr/share/ome2024-ngff-challenge/idr0090/190322.zarr,hcs-plate,first field: https://livingobjects.ebi.ac.uk/idr/share/ome2024-ngff-challenge/idr0090/190322.zarr/A/5/0,,,3,,,,,,,0,,,,false,false,ok,,true,1917
IDR · idr0090_samples,https://livingobjects.ebi.ac.uk/idr/share/ome2024-ngff-challenge/idr0090/190502.zarr,hcs-plate,first field: https://livingobjects.ebi.ac.uk/idr/share/ome2024-ngff-challenge/idr0090/190502.zarr/B/2/0,,,3,,,,,,,0,,,,false,false,ok,,true,1876
IDR · idr0090_samples,https://livingobjects.ebi.ac.uk/idr/share/ome2024-ngff-challenge/idr0090/190510.zarr,hcs-plate,first field: https://livingobjects.ebi.ac.uk/idr/share/ome2024-ngff-challenge/idr0090/190510.zarr/B/2/0,,,3,,,,,,,0,,,,false,false,ok,,true,1902
IDR · idr0090_samples,https://livingobjects.ebi.ac.uk/idr/share/ome2024-ngff-challenge/idr0090/190531.zarr,hcs-plate,first field: https://livingobjects.ebi.ac.uk/idr/share/ome2024-ngff-challenge/idr0090/190531.zarr/B/2/0,,,3,,,,,,,0,,,,false,false,ok,,true,1827
IDR · idr0090_samples,https://livingobjects.ebi.ac.uk/idr/share/ome2024-ngff-challenge/idr0090/190607.zarr,hcs-plate,first field: https://livingobjects.ebi.ac.uk/idr/share/ome2024-ngff-challenge/idr0090/190607.zarr/A/5/0,,,3,,,,,,,0,,,,false,false,ok,,true,1826
IDR · idr0090_samples,https://livingobjects.ebi.ac.uk/idr/share/ome2024-ngff-challenge/idr0090/190621.zarr,hcs-plate,first field: https://livingobjects.ebi.ac.uk/idr/share/ome2024-ngff-challenge/idr0090/190621.zarr/A/5/0,,,3,,,,,,,0,,,,false,false,ok,,true,1852
IDR · idr0090_samples,https://livingobjects.ebi.ac.uk/idr/share/ome2024-ngff-challenge/idr0090/190628.zarr,hcs-plate,first field: https://livingobjects.ebi.ac.uk/idr/share/ome2024-ngff-challenge/idr0090/190628.zarr/A/5/0,,,3,,,,,,,0,,,,false,false,ok,,true,1903
IDR · idr0090_samples,https://livingobjects.ebi.ac.uk/idr/share/ome2024-ngff-challenge/idr0090/190710.zarr,hcs-plate,first field: https://livingobjects.ebi.ac.uk/idr/share/ome2024-ngff-challenge/idr0090/190710.zarr/A/5/0,,,3,,,,,,,0,,,,false,false,ok,,true,1825
IDR · idr0090_samples,https://livingobjects.ebi.ac.uk/idr/share/ome2024-ngff-challenge/idr0090/190809.zarr,hcs-plate,first field: https://livingobjects.ebi.ac.uk/idr/share/ome2024-ngff-challenge/idr0090/190809.zarr/A/2/0,,,3,,,,,,,0,,,,false,false,ok,,true,1902
IDR · idr0004_samples,https://livingobjects.ebi.ac.uk/idr/share/ome2024-ngff-challenge/idr0004/P170.ome.zarr,hcs-plate,first field: https://livingobjects.ebi.ac.uk/idr/share/ome2024-ngff-challenge/idr0004/P170.ome.zarr/E/11/0,,,3,,,,,,,0,,,,false,false,ok,,true,1926
IDR · idr0004_samples,https://livingobjects.ebi.ac.uk/idr/share/ome2024-ngff-challenge/idr0004/P111.ome.zarr,hcs-plate,first field: https://livingobjects.ebi.ac.uk/idr/share/ome2024-ngff-challenge/idr0004/P111.ome.zarr/G/7/0,,,3,,,,,,,0,,,,false,false,ok,,true,1882
IDR · idr0004_samples,https://livingobjects.ebi.ac.uk/idr/share/ome2024-ngff-challenge/idr0004/P105.ome.zarr,hcs-plate,first field: https://livingobjects.ebi.ac.uk/idr/share/ome2024-ngff-challenge/idr0004/P105.ome.zarr/B/11/0,,,3,,,,,,,0,,,,false,false,ok,,true,1936
IDR · idr0004_samples,https://livingobjects.ebi.ac.uk/idr/share/ome2024-ngff-challenge/idr0004/P138.ome.zarr,hcs-plate,first field: https://livingobjects.ebi.ac.uk/idr/share/ome2024-ngff-challenge/idr0004/P138.ome.zarr/D/4/0,,,3,,,,,,,0,,,,false,false,ok,,true,1858
IDR · idr0004_samples,https://livingobjects.ebi.ac.uk/idr/share/ome2024-ngff-challenge/idr0004/P109.ome.zarr,hcs-plate,first field: https://livingobjects.ebi.ac.uk/idr/share/ome2024-ngff-challenge/idr0004/P109.ome.zarr/B/1/0,,,3,,,,,,,0,,,,false,false,ok,,true,1895
IDR · idr0004_samples,https://livingobjects.ebi.ac.uk/idr/share/ome2024-ngff-challenge/idr0004/P117.ome.zarr,hcs-plate,first field: https://livingobjects.ebi.ac.uk/idr/share/ome2024-ngff-challenge/idr0004/P117.ome.zarr/B/6/0,,,3,,,,,,,0,,,,false,false,ok,,true,1849
IDR · idr0004_samples,https://livingobjects.ebi.ac.uk/idr/share/ome2024-ngff-challenge/idr0004/P110.ome.zarr,hcs-plate,first field: https://livingobjects.ebi.ac.uk/idr/share/ome2024-ngff-challenge/idr0004/P110.ome.zarr/E/3/0,,,3,,,,,,,0,,,,false,false,ok,,true,1873
IDR · idr0004_samples,https://livingobjects.ebi.ac.uk/idr/share/ome2024-ngff-challenge/idr0004/P139.ome.zarr,hcs-plate,first field: https://livingobjects.ebi.ac.uk/idr/share/ome2024-ngff-challenge/idr0004/P139.ome.zarr/G/2/0,,,3,,,,,,,0,,,,false,false,ok,,true,1825
IDR · idr0004_samples,https://livingobjects.ebi.ac.uk/idr/share/ome2024-ngff-challenge/idr0004/P130.ome.zarr,hcs-plate,first field: https://livingobjects.ebi.ac.uk/idr/share/ome2024-ngff-challenge/idr0004/P130.ome.zarr/G/2/0,,,3,,,,,,,0,,,,false,false,ok,,true,1882
IDR · idr0004_samples,https://livingobjects.ebi.ac.uk/idr/share/ome2024-ngff-challenge/idr0004/P118.ome.zarr,hcs-plate,first field: https://livingobjects.ebi.ac.uk/idr/share/ome2024-ngff-challenge/idr0004/P118.ome.zarr/G/10/0,,,3,,,,,,,0,,,,false,false,ok,,true,1829
IDR · idr0004_samples,https://livingobjects.ebi.ac.uk/idr/share/ome2024-ngff-challenge/idr0004/P136.ome.zarr,hcs-plate,first field: https://livingobjects.ebi.ac.uk/idr/share/ome2024-ngff-challenge/idr0004/P136.ome.zarr/C/9/0,,,3,,,,,,,0,,,,false,false,ok,,true,1862
IDR · idr0004_samples,https://livingobjects.ebi.ac.uk/idr/share/ome2024-ngff-challenge/idr0004/P131.ome.zarr,hcs-plate,first field: https://livingobjects.ebi.ac.uk/idr/share/ome2024-ngff-challenge/idr0004/P131.ome.zarr/B/2/0,,,3,,,,,,,0,,,,false,false,ok,,true,1868
IDR · idr0004_samples,https://livingobjects.ebi.ac.uk/idr/share/ome2024-ngff-challenge/idr0004/P125.ome.zarr,hcs-plate,first field: https://livingobjects.ebi.ac.uk/idr/share/ome2024-ngff-challenge/idr0004/P125.ome.zarr/E/4/0,,,3,,,,,,,0,,,,false,false,ok,,true,1792
IDR · idr0004_samples,https://livingobjects.ebi.ac.uk/idr/share/ome2024-ngff-challenge/idr0004/P102.ome.zarr,hcs-plate,first field: https://livingobjects.ebi.ac.uk/idr/share/ome2024-ngff-challenge/idr0004/P102.ome.zarr/B/2/0,,,3,,,,,,,0,,,,false,false,ok,,true,1888
IDR · idr0004_samples,https://livingobjects.ebi.ac.uk/idr/share/ome2024-ngff-challenge/idr0004/P137.ome.zarr,hcs-plate,first field: https://livingobjects.ebi.ac.uk/idr/share/ome2024-ngff-challenge/idr0004/P137.ome.zarr/H/9/0,,,3,,,,,,,0,,,,false,false,ok,,true,1874
IDR · idr0010_samples,https://livingobjects.ebi.ac.uk/idr/share/ome2024-ngff-challenge/idr0010/76-45.ome.zarr,hcs-plate,first field: https://livingobjects.ebi.ac.uk/idr/share/ome2024-ngff-challenge/idr0010/76-45.ome.zarr/A/1/0,,,3,,,,,,,0,,,,false,false,ok,,true,1654
IDR · idr0010_samples,https://livingobjects.ebi.ac.uk/idr/share/ome2024-ngff-challenge/idr0010/131-20.ome.zarr,hcs-plate,first field: https://livingobjects.ebi.ac.uk/idr/share/ome2024-ngff-challenge/idr0010/131-20.ome.zarr/A/1/0,,,3,,,,,,,0,,,,false,false,ok,,true,1722
IDR · idr0010_samples,https://livingobjects.ebi.ac.uk/idr/share/ome2024-ngff-challenge/idr0010/13-3.ome.zarr,hcs-plate,first field: https://livingobjects.ebi.ac.uk/idr/share/ome2024-ngff-challenge/idr0010/13-3.ome.zarr/A/1/0,,,3,,,,,,,0,,,,false,false,ok,,true,1733
IDR · idr0010_samples,https://livingobjects.ebi.ac.uk/idr/share/ome2024-ngff-challenge/idr0010/82-14.ome.zarr,hcs-plate,first field: https://livingobjects.ebi.ac.uk/idr/share/ome2024-ngff-challenge/idr0010/82-14.ome.zarr/A/1/0,,,3,,,,,,,0,,,,false,false,ok,,true,1733
IDR · idr0010_samples,https://livingobjects.ebi.ac.uk/idr/share/ome2024-ngff-challenge/idr0010/23-15.ome.zarr,hcs-plate,first field: https://livingobjects.ebi.ac.uk/idr/share/ome2024-ngff-challenge/idr0010/23-15.ome.zarr/A/1/0,,,3,,,,,,,0,,,,false,false,ok,,true,1673
IDR · idr0010_samples,https://livingobjects.ebi.ac.uk/idr/share/ome2024-ngff-challenge/idr0010/120.ome.zarr,hcs-plate,first field: https://livingobjects.ebi.ac.uk/idr/share/ome2024-ngff-challenge/idr0010/120.ome.zarr/A/1/0,,,3,,,,,,,0,,,,false,false,ok,,true,2055
IDR · idr0010_samples,https://livingobjects.ebi.ac.uk/idr/share/ome2024-ngff-challenge/idr0010/94-05.ome.zarr,hcs-plate,first field: https://livingobjects.ebi.ac.uk/idr/share/ome2024-ngff-challenge/idr0010/94-05.ome.zarr/A/1/0,,,3,,,,,,,0,,,,false,false,ok,,true,1715
IDR · idr0010_samples,https://livingobjects.ebi.ac.uk/idr/share/ome2024-ngff-challenge/idr0010/144-21.ome.zarr,hcs-plate,first field: https://livingobjects.ebi.ac.uk/idr/share/ome2024-ngff-challenge/idr0010/144-21.ome.zarr/A/1/0,,,3,,,,,,,0,,,,false,false,ok,,true,1710
IDR · idr0010_samples,https://livingobjects.ebi.ac.uk/idr/share/ome2024-ngff-challenge/idr0010/61-43.ome.zarr,hcs-plate,first field: https://livingobjects.ebi.ac.uk/idr/share/ome2024-ngff-challenge/idr0010/61-43.ome.zarr/A/1/0,,,3,,,,,,,0,,,,false,false,ok,,true,1725
IDR · idr0010_samples,https://livingobjects.ebi.ac.uk/idr/share/ome2024-ngff-challenge/idr0010/104-13.ome.zarr,hcs-plate,first field: https://livingobjects.ebi.ac.uk/idr/share/ome2024-ngff-challenge/idr0010/104-13.ome.zarr/A/1/0,,,3,,,,,,,0,,,,false,false,ok,,true,1684
IDR · idr0010_samples,https://livingobjects.ebi.ac.uk/idr/share/ome2024-ngff-challenge/idr0010/75-33.ome.zarr,hcs-plate,first field: https://livingobjects.ebi.ac.uk/idr/share/ome2024-ngff-challenge/idr0010/75-33.ome.zarr/A/1/0,,,3,,,,,,,0,,,,false,false,ok,,true,1717
IDR · idr0010_samples,https://livingobjects.ebi.ac.uk/idr/share/ome2024-ngff-challenge/idr0010/26-41.ome.zarr,hcs-plate,first field: https://livingobjects.ebi.ac.uk/idr/share/ome2024-ngff-challenge/idr0010/26-41.ome.zarr/A/1/0,,,3,,,,,,,0,,,,false,false,ok,,true,1703
IDR · idr0010_samples,https://livingobjects.ebi.ac.uk/idr/share/ome2024-ngff-challenge/idr0010/112-02.ome.zarr,hcs-plate,first field: https://livingobjects.ebi.ac.uk/idr/share/ome2024-ngff-challenge/idr0010/112-02.ome.zarr/A/1/0,,,3,,,,,,,0,,,,false,false,ok,,true,1742
IDR · idr0010_samples,https://livingobjects.ebi.ac.uk/idr/share/ome2024-ngff-challenge/idr0010/22-21.ome.zarr,hcs-plate,first field: https://livingobjects.ebi.ac.uk/idr/share/ome2024-ngff-challenge/idr0010/22-21.ome.zarr/A/1/0,,,3,,,,,,,0,,,,false,false,ok,,true,1684
IDR · idr0010_samples,https://livingobjects.ebi.ac.uk/idr/share/ome2024-ngff-challenge/idr0010/69-49.ome.zarr,hcs-plate,first field: https://livingobjects.ebi.ac.uk/idr/share/ome2024-ngff-challenge/idr0010/69-49.ome.zarr/A/1/0,,,3,,,,,,,0,,,,false,false,ok,,true,1717
IDR · idr0011_samples,https://livingobjects.ebi.ac.uk/idr/share/ome2024-ngff-challenge/idr0011/Plate11-Green-B.ome.zarr,hcs-plate,first field: https://livingobjects.ebi.ac.uk/idr/share/ome2024-ngff-challenge/idr0011/Plate11-Green-B.ome.zarr/A/1/0,,,3,,,,,,,0,,,,false,false,ok,,true,1696
IDR · idr0011_samples,https://livingobjects.ebi.ac.uk/idr/share/ome2024-ngff-challenge/idr0011/Plate10-Blue-B.ome.zarr,hcs-plate,first field: https://livingobjects.ebi.ac.uk/idr/share/ome2024-ngff-challenge/idr0011/Plate10-Blue-B.ome.zarr/A/1/0,,,3,,,,,,,0,,,,false,false,ok,,true,1729
IDR · idr0011_samples,https://livingobjects.ebi.ac.uk/idr/share/ome2024-ngff-challenge/idr0011/Plate4-TS-Yellow-B.ome.zarr,hcs-plate,first field: https://livingobjects.ebi.ac.uk/idr/share/ome2024-ngff-challenge/idr0011/Plate4-TS-Yellow-B.ome.zarr/A/2/0,,,3,,,,,,,0,,,,false,false,ok,,true,1711
IDR · idr0011_samples,https://livingobjects.ebi.ac.uk/idr/share/ome2024-ngff-challenge/idr0011/Plate1-TS-Green-A-Stinger.ome.zarr,hcs-plate,first field: https://livingobjects.ebi.ac.uk/idr/share/ome2024-ngff-challenge/idr0011/Plate1-TS-Green-A-Stinger.ome.zarr/A/1/0,,,3,,,,,,,0,,,,false,false,ok,,true,1741
IDR · idr0011_samples,https://livingobjects.ebi.ac.uk/idr/share/ome2024-ngff-challenge/idr0011/Plate16-Green-A.ome.zarr,hcs-plate,first field: https://livingobjects.ebi.ac.uk/idr/share/ome2024-ngff-challenge/idr0011/Plate16-Green-A.ome.zarr/A/1/0,,,3,,,,,,,0,,,,false,false,ok,,true,1702
IDR · idr0011_samples,https://livingobjects.ebi.ac.uk/idr/share/ome2024-ngff-challenge/idr0011/Plate7-Yellow-A.ome.zarr,hcs-plate,first field: https://livingobjects.ebi.ac.uk/idr/share/ome2024-ngff-challenge/idr0011/Plate7-Yellow-A.ome.zarr/A/1/0,,,3,,,,,,,0,,,,false,false,ok,,true,1695
IDR · idr0011_samples,https://livingobjects.ebi.ac.uk/idr/share/ome2024-ngff-challenge/idr0011/Plate1-TS-Yellow-B.ome.zarr,hcs-plate,first field: https://livingobjects.ebi.ac.uk/idr/share/ome2024-ngff-challenge/idr0011/Plate1-TS-Yellow-B.ome.zarr/B/2/0,,,3,,,,,,,0,,,,false,false,ok,,true,1731
IDR · idr0011_samples,https://livingobjects.ebi.ac.uk/idr/share/ome2024-ngff-challenge/idr0011/Plate1-TS-Blue-B-Stinger.ome.zarr,hcs-plate,first field: https://livingobjects.ebi.ac.uk/idr/share/ome2024-ngff-challenge/idr0011/Plate1-TS-Blue-B-Stinger.ome.zarr/A/1/0,,,3,,,,,,,0,,,,false,false,ok,,true,1697
IDR · idr0011_samples,https://livingobjects.ebi.ac.uk/idr/share/ome2024-ngff-challenge/idr0011/Plate16-Yellow-B.ome.zarr,hcs-plate,first field: https://livingobjects.ebi.ac.uk/idr/share/ome2024-ngff-challenge/idr0011/Plate16-Yellow-B.ome.zarr/A/1/0,,,3,,,,,,,0,,,,false,false,ok,,true,1722
IDR · idr0011_samples,https://livingobjects.ebi.ac.uk/idr/share/ome2024-ngff-challenge/idr0011/Plate4-TS-Blue-A.ome.zarr,hcs-plate,first field: https://livingobjects.ebi.ac.uk/idr/share/ome2024-ngff-challenge/idr0011/Plate4-TS-Blue-A.ome.zarr/A/1/0,,,3,,,,,,,0,,,,false,false,ok,,true,1730
IDR · idr0011_samples,https://livingobjects.ebi.ac.uk/idr/share/ome2024-ngff-challenge/idr0011/Plate2-Blue-B.ome.zarr,hcs-plate,first field: https://livingobjects.ebi.ac.uk/idr/share/ome2024-ngff-challenge/idr0011/Plate2-Blue-B.ome.zarr/A/1/0,,,3,,,,,,,0,,,,false,false,ok,,true,1736
IDR · idr0011_samples,https://livingobjects.ebi.ac.uk/idr/share/ome2024-ngff-challenge/idr0011/Plate3-TS-Red-A.ome.zarr,hcs-plate,first field: https://livingobjects.ebi.ac.uk/idr/share/ome2024-ngff-challenge/idr0011/Plate3-TS-Red-A.ome.zarr/A/1/0,,,3,,,,,,,0,,,,false,false,ok,,true,1688
IDR · idr0011_samples,https://livingobjects.ebi.ac.uk/idr/share/ome2024-ngff-challenge/idr0011/Plate6-Red-A.ome.zarr,hcs-plate,first field: https://livingobjects.ebi.ac.uk/idr/share/ome2024-ngff-challenge/idr0011/Plate6-Red-A.ome.zarr/A/1/0,,,3,,,,,,,0,,,,false,false,ok,,true,1921
IDR · idr0011_samples,https://livingobjects.ebi.ac.uk/idr/share/ome2024-ngff-challenge/idr0011/Plate1-Red-B.ome.zarr,hcs-plate,first field: https://livingobjects.ebi.ac.uk/idr/share/ome2024-ngff-challenge/idr0011/Plate1-Red-B.ome.zarr/A/1/0,,,3,,,,,,,0,,,,false,false,ok,,true,1736
IDR · idr0011_samples,https://livingobjects.ebi.ac.uk/idr/share/ome2024-ngff-challenge/idr0011/Plate5-TS-Blue-B.ome.zarr,hcs-plate,first field: https://livingobjects.ebi.ac.uk/idr/share/ome2024-ngff-challenge/idr0011/Plate5-TS-Blue-B.ome.zarr/A/1/0,,,3,,,,,,,0,,,,false,false,ok,,true,1768
IDR · idr0012_samples,https://livingobjects.ebi.ac.uk/idr/share/ome2024-ngff-challenge/idr0012/HT22.ome.zarr,hcs-plate,first field: https://livingobjects.ebi.ac.uk/idr/share/ome2024-ngff-challenge/idr0012/HT22.ome.zarr/A/4/0,,,3,,,,,,,0,,,,false,false,ok,,true,1831
IDR · idr0012_samples,https://livingobjects.ebi.ac.uk/idr/share/ome2024-ngff-challenge/idr0012/HT23.ome.zarr,hcs-plate,first field: https://livingobjects.ebi.ac.uk/idr/share/ome2024-ngff-challenge/idr0012/HT23.ome.zarr/A/4/0,,,3,,,,,,,0,,,,false,false,ok,,true,1890
IDR · idr0012_samples,https://livingobjects.ebi.ac.uk/idr/share/ome2024-ngff-challenge/idr0012/HT55.ome.zarr,hcs-plate,first field: https://livingobjects.ebi.ac.uk/idr/share/ome2024-ngff-challenge/idr0012/HT55.ome.zarr/A/4/0,,,3,,,,,,,0,,,,false,false,ok,,true,1907
IDR · idr0012_samples,https://livingobjects.ebi.ac.uk/idr/share/ome2024-ngff-challenge/idr0012/HT07.ome.zarr,hcs-plate,first field: https://livingobjects.ebi.ac.uk/idr/share/ome2024-ngff-challenge/idr0012/HT07.ome.zarr/A/4/0,,,3,,,,,,,0,,,,false,false,ok,,true,1878
IDR · idr0012_samples,https://livingobjects.ebi.ac.uk/idr/share/ome2024-ngff-challenge/idr0012/HT35.ome.zarr,hcs-plate,first field: https://livingobjects.ebi.ac.uk/idr/share/ome2024-ngff-challenge/idr0012/HT35.ome.zarr/A/4/0,,,3,,,,,,,0,,,,false,false,ok,,true,1917
IDR · idr0012_samples,https://livingobjects.ebi.ac.uk/idr/share/ome2024-ngff-challenge/idr0012/HT31.ome.zarr,hcs-plate,first field: https://livingobjects.ebi.ac.uk/idr/share/ome2024-ngff-challenge/idr0012/HT31.ome.zarr/A/4/0,,,3,,,,,,,0,,,,false,false,ok,,true,1892
IDR · idr0012_samples,https://livingobjects.ebi.ac.uk/idr/share/ome2024-ngff-challenge/idr0012/HT20.ome.zarr,hcs-plate,first field: https://livingobjects.ebi.ac.uk/idr/share/ome2024-ngff-challenge/idr0012/HT20.ome.zarr/A/4/0,,,3,,,,,,,0,,,,false,false,ok,,true,1841
IDR · idr0012_samples,https://livingobjects.ebi.ac.uk/idr/share/ome2024-ngff-challenge/idr0012/HT48.ome.zarr,hcs-plate,first field: https://livingobjects.ebi.ac.uk/idr/share/ome2024-ngff-challenge/idr0012/HT48.ome.zarr/A/4/0,,,3,,,,,,,0,,,,false,false,ok,,true,1884
IDR · idr0012_samples,https://livingobjects.ebi.ac.uk/idr/share/ome2024-ngff-challenge/idr0012/HT51.ome.zarr,hcs-plate,first field: https://livingobjects.ebi.ac.uk/idr/share/ome2024-ngff-challenge/idr0012/HT51.ome.zarr/A/4/0,,,3,,,,,,,0,,,,false,false,ok,,true,1823
IDR · idr0012_samples,https://livingobjects.ebi.ac.uk/idr/share/ome2024-ngff-challenge/idr0012/HT13.ome.zarr,hcs-plate,first field: https://livingobjects.ebi.ac.uk/idr/share/ome2024-ngff-challenge/idr0012/HT13.ome.zarr/A/4/0,,,3,,,,,,,0,,,,false,false,ok,,true,1878
IDR · idr0012_samples,https://livingobjects.ebi.ac.uk/idr/share/ome2024-ngff-challenge/idr0012/HT47.ome.zarr,hcs-plate,first field: https://livingobjects.ebi.ac.uk/idr/share/ome2024-ngff-challenge/idr0012/HT47.ome.zarr/A/4/0,,,3,,,,,,,0,,,,false,false,ok,,true,1856
IDR · idr0012_samples,https://livingobjects.ebi.ac.uk/idr/share/ome2024-ngff-challenge/idr0012/HT38.ome.zarr,hcs-plate,first field: https://livingobjects.ebi.ac.uk/idr/share/ome2024-ngff-challenge/idr0012/HT38.ome.zarr/A/4/0,,,3,,,,,,,0,,,,false,false,ok,,true,1840
IDR · idr0012_samples,https://livingobjects.ebi.ac.uk/idr/share/ome2024-ngff-challenge/idr0012/HT02.ome.zarr,hcs-plate,first field: https://livingobjects.ebi.ac.uk/idr/share/ome2024-ngff-challenge/idr0012/HT02.ome.zarr/A/4/0,,,3,,,,,,,0,,,,false,false,ok,,true,1929
IDR · idr0012_samples,https://livingobjects.ebi.ac.uk/idr/share/ome2024-ngff-challenge/idr0012/HT64.ome.zarr,hcs-plate,first field: https://livingobjects.ebi.ac.uk/idr/share/ome2024-ngff-challenge/idr0012/HT64.ome.zarr/A/4/0,,,3,,,,,,,0,,,,false,false,ok,,true,1908
IDR · idr0012_samples,https://livingobjects.ebi.ac.uk/idr/share/ome2024-ngff-challenge/idr0012/HT42.ome.zarr,hcs-plate,first field: https://livingobjects.ebi.ac.uk/idr/share/ome2024-ngff-challenge/idr0012/HT42.ome.zarr/A/4/0,,,3,,,,,,,0,,,,false,false,ok,,true,1915
IDR · idr0015_samples,https://livingobjects.ebi.ac.uk/idr/share/ome2024-ngff-challenge/idr0015/TARA_HCS1_H5_G100009725_G100010454--2013_12_05_21_08_22_chamber--U00--V01.ome.zarr,hcs-plate,first field: https://livingobjects.ebi.ac.uk/idr/share/ome2024-ngff-challenge/idr0015/TARA_HCS1_H5_G100009725_G100010454--2013_12_05_21_08_22_chamber--U00--V01.ome.zarr/A/1/0,,,3,,,,,,,0,,,,false,false,ok,,true,1961
IDR · idr0015_samples,https://livingobjects.ebi.ac.uk/idr/share/ome2024-ngff-challenge/idr0015/TARA_HCS1_H5_G100010237_G100010241--2014_06_25_13_42_23_chamber--U00--V01.ome.zarr,hcs-plate,first field: https://livingobjects.ebi.ac.uk/idr/share/ome2024-ngff-challenge/idr0015/TARA_HCS1_H5_G100010237_G100010241--2014_06_25_13_42_23_chamber--U00--V01.ome.zarr/A/1/0,,,3,,,,,,,0,,,,false,false,ok,,true,1886
IDR · idr0015_samples,https://livingobjects.ebi.ac.uk/idr/share/ome2024-ngff-challenge/idr0015/TARA_HCS1_H5_G100008060_G100008062--2013_11_03_22_51_32_chamber--U01--V01.ome.zarr,hcs-plate,first field: https://livingobjects.ebi.ac.uk/idr/share/ome2024-ngff-challenge/idr0015/TARA_HCS1_H5_G100008060_G100008062--2013_11_03_22_51_32_chamber--U01--V01.ome.zarr/A/1/0,,,3,,,,,,,0,,,,false,false,ok,,true,1875
IDR · idr0015_samples,https://livingobjects.ebi.ac.uk/idr/share/ome2024-ngff-challenge/idr0015/TARA_HCS1_H5_G100006116_G100006253--2013_10_30_19_38_12_chamber--U01--V01.ome.zarr,hcs-plate,first field: https://livingobjects.ebi.ac.uk/idr/share/ome2024-ngff-challenge/idr0015/TARA_HCS1_H5_G100006116_G100006253--2013_10_30_19_38_12_chamber--U01--V01.ome.zarr/A/1/0,,,3,,,,,,,0,,,,false,false,ok,,true,1856
IDR · idr0015_samples,https://livingobjects.ebi.ac.uk/idr/share/ome2024-ngff-challenge/idr0015/TARA_HCS1_H5_G100009617_G100008907--2013_12_06_20_46_40_chamber--U00--V01.ome.zarr,hcs-plate,first field: https://livingobjects.ebi.ac.uk/idr/share/ome2024-ngff-challenge/idr0015/TARA_HCS1_H5_G100009617_G100008907--2013_12_06_20_46_40_chamber--U00--V01.ome.zarr/A/1/0,,,3,,,,,,,0,,,,false,false,ok,,true,1879
IDR · idr0015_samples,https://livingobjects.ebi.ac.uk/idr/share/ome2024-ngff-challenge/idr0015/TARA_HCS1_H5_G100009725_G100010454--2013_12_05_21_08_22_chamber--U01--V01.ome.zarr,hcs-plate,first field: https://livingobjects.ebi.ac.uk/idr/share/ome2024-ngff-challenge/idr0015/TARA_HCS1_H5_G100009725_G100010454--2013_12_05_21_08_22_chamber--U01--V01.ome.zarr/A/1/0,,,3,,,,,,,0,,,,false,false,ok,,true,1889
IDR · idr0015_samples,https://livingobjects.ebi.ac.uk/idr/share/ome2024-ngff-challenge/idr0015/TARA_HCS1_H5_G100010891_G100010893--2013_12_04_21_23_54_chamber--U01--V01.ome.zarr,hcs-plate,first field: https://livingobjects.ebi.ac.uk/idr/share/ome2024-ngff-challenge/idr0015/TARA_HCS1_H5_G100010891_G100010893--2013_12_04_21_23_54_chamber--U01--V01.ome.zarr/A/1/0,,,3,,,,,,,0,,,,false,false,ok,,true,1890
IDR · idr0015_samples,https://livingobjects.ebi.ac.uk/idr/share/ome2024-ngff-challenge/idr0015/TARA_HCS1_H5_G100012694_G100012776--2013_10_02_14_27_33_chamber--U01--V01.ome.zarr,hcs-plate,first field: https://livingobjects.ebi.ac.uk/idr/share/ome2024-ngff-challenge/idr0015/TARA_HCS1_H5_G100012694_G100012776--2013_10_02_14_27_33_chamber--U01--V01.ome.zarr/A/1/0,,,3,,,,,,,0,,,,false,false,ok,,true,1924
IDR · idr0015_samples,https://livingobjects.ebi.ac.uk/idr/share/ome2024-ngff-challenge/idr0015/TARA_HCS1_H5_G100002978_G100002980--2013_08_29_12_36_46_chamber--U01--V01.ome.zarr,hcs-plate,first field: https://livingobjects.ebi.ac.uk/idr/share/ome2024-ngff-challenge/idr0015/TARA_HCS1_H5_G100002978_G100002980--2013_08_29_12_36_46_chamber--U01--V01.ome.zarr/A/1/0,,,3,,,,,,,0,,,,false,false,ok,,true,1852
IDR · idr0015_samples,https://livingobjects.ebi.ac.uk/idr/share/ome2024-ngff-challenge/idr0015/TARA_HCS1_H5_G100003584_G100003586--2013_09_26_15_23_10_chamber--U01--V01.ome.zarr,hcs-plate,first field: https://livingobjects.ebi.ac.uk/idr/share/ome2024-ngff-challenge/idr0015/TARA_HCS1_H5_G100003584_G100003586--2013_09_26_15_23_10_chamber--U01--V01.ome.zarr/A/1/0,,,3,,,,,,,0,,,,false,false,ok,,true,1886
IDR · idr0015_samples,https://livingobjects.ebi.ac.uk/idr/share/ome2024-ngff-challenge/idr0015/TARA_HCS1_H5_G100011084_G100010958--2013_10_04_09_31_04_chamber--U01--V01.ome.zarr,hcs-plate,first field: https://livingobjects.ebi.ac.uk/idr/share/ome2024-ngff-challenge/idr0015/TARA_HCS1_H5_G100011084_G100010958--2013_10_04_09_31_04_chamber--U01--V01.ome.zarr/A/1/0,,,3,,,,,,,0,,,,false,false,ok,,true,1860
IDR · idr0015_samples,https://livingobjects.ebi.ac.uk/idr/share/ome2024-ngff-challenge/idr0015/TARA_HCS1_H5_G100010173_G100010177--2014_06_24_12_25_12_chamber--U01--V01.ome.zarr,hcs-plate,first field: https://livingobjects.ebi.ac.uk/idr/share/ome2024-ngff-challenge/idr0015/TARA_HCS1_H5_G100010173_G100010177--2014_06_24_12_25_12_chamber--U01--V01.ome.zarr/A/1/0,,,3,,,,,,,0,,,,false,false,ok,,true,1821
IDR · idr0015_samples,https://livingobjects.ebi.ac.uk/idr/share/ome2024-ngff-challenge/idr0015/TARA_HCS1_H5_G100008236_G100008238--2013_11_06_21_52_31_chamber--U00--V01.ome.zarr,hcs-plate,first field: https://livingobjects.ebi.ac.uk/idr/share/ome2024-ngff-challenge/idr0015/TARA_HCS1_H5_G100008236_G100008238--2013_11_06_21_52_31_chamber--U00--V01.ome.zarr/A/1/0,,,3,,,,,,,0,,,,false,false,ok,,true,1837
IDR · idr0015_samples,https://livingobjects.ebi.ac.uk/idr/share/ome2024-ngff-challenge/idr0015/TARA_HCS1_H5_G100010241_G100010731--2013_09_29_19_14_59_chamber--U01--V01.ome.zarr,hcs-plate,first field: https://livingobjects.ebi.ac.uk/idr/share/ome2024-ngff-challenge/idr0015/TARA_HCS1_H5_G100010241_G100010731--2013_09_29_19_14_59_chamber--U01--V01.ome.zarr/A/1/0,,,3,,,,,,,0,,,,false,false,ok,,true,1853
IDR · idr0015_samples,https://livingobjects.ebi.ac.uk/idr/share/ome2024-ngff-challenge/idr0015/TARA_HCS1_H5_G100010891_G100010893--2013_12_04_21_23_54_chamber--U00--V01.ome.zarr,hcs-plate,first field: https://livingobjects.ebi.ac.uk/idr/share/ome2024-ngff-challenge/idr0015/TARA_HCS1_H5_G100010891_G100010893--2013_12_04_21_23_54_chamber--U00--V01.ome.zarr/A/1/0,,,3,,,,,,,0,,,,false,false,ok,,true,1884
IDR · idr0026_samples,https://livingobjects.ebi.ac.uk/idr/share/ome2024-ngff-challenge/idr0026/3.49.6-3.140922_11-33-57.01.ome.zarr,opens,,time series (first timepoint only),0.5,3,uint16,tczyx,30x4x27x507x507,1x1x1x507x507,10x4x25x507x507,sharding+bytes+blosc,2,native,,27,false,true,ok,ok,,2730
IDR · idr0026_samples,https://livingobjects.ebi.ac.uk/idr/share/ome2024-ngff-challenge/idr0026/7.54.10-3.140926_18-36-07.02.ome.zarr,opens,,time series (first timepoint only),0.5,3,uint16,tczyx,86x4x21x507x507,1x1x1x507x507,10x4x25x507x507,sharding+bytes+blosc,2,native,,21,false,true,ok,ok,,2746
IDR · idr0026_samples,https://livingobjects.ebi.ac.uk/idr/share/ome2024-ngff-challenge/idr0026/3.65.6-3.141020_15-39-00.02.ome.zarr,opens,,time series (first timepoint only),0.5,3,uint16,tczyx,48x3x21x507x507,1x1x1x507x507,10x4x25x507x507,sharding+bytes+blosc,2,native,,21,false,true,ok,ok,,2764
IDR · idr0026_samples,https://livingobjects.ebi.ac.uk/idr/share/ome2024-ngff-challenge/idr0026/3.66.9-6.141020_17-15-27.02.ome.zarr,opens,,time series (first timepoint only),0.5,3,uint16,tczyx,55x3x21x507x507,1x1x1x507x507,10x4x25x507x507,sharding+bytes+blosc,2,native,,21,false,true,ok,ok,,2786
IDR · idr0026_samples,https://livingobjects.ebi.ac.uk/idr/share/ome2024-ngff-challenge/idr0026/3.57.6-3.140922_15-20-05.02.ome.zarr,opens,,time series (first timepoint only),0.5,3,uint16,tczyx,55x4x29x507x507,1x1x1x507x507,10x4x25x507x507,sharding+bytes+blosc,2,native,,29,false,true,ok,ok,,2697
IDR · idr0026_samples,https://livingobjects.ebi.ac.uk/idr/share/ome2024-ngff-challenge/idr0026/3.66.9-6.141020_15-41-29.03.ome.zarr,opens,,time series (first timepoint only),0.5,3,uint16,tczyx,47x3x21x507x507,1x1x1x507x507,10x4x25x507x507,sharding+bytes+blosc,2,native,,21,false,true,ok,ok,,2712
IDR · idr0026_samples,https://livingobjects.ebi.ac.uk/idr/share/ome2024-ngff-challenge/idr0026/3.66.6-3.141020_15-41-29.03.ome.zarr,opens,,time series (first timepoint only),0.5,3,uint16,tczyx,47x3x21x507x507,1x1x1x507x507,10x4x25x507x507,sharding+bytes+blosc,2,native,,21,false,true,ok,ok,,2684
IDR · idr0026_samples,https://livingobjects.ebi.ac.uk/idr/share/ome2024-ngff-challenge/idr0026/3.64.6-3.NONE.01.ome.zarr,opens,,time series (first timepoint only),0.5,3,uint16,tczyx,78x3x21x507x507,1x1x1x507x507,10x4x25x507x507,sharding+bytes+blosc,2,native,,21,false,true,ok,ok,,2684
IDR · idr0026_samples,https://livingobjects.ebi.ac.uk/idr/share/ome2024-ngff-challenge/idr0026/3.66.6-3.141020_15-41-29.00.ome.zarr,opens,,time series (first timepoint only),0.5,3,uint16,tczyx,47x3x21x507x507,1x1x1x507x507,10x4x25x507x507,sharding+bytes+blosc,2,native,,21,false,true,ok,ok,,2731
IDR · idr0026_samples,https://livingobjects.ebi.ac.uk/idr/share/ome2024-ngff-challenge/idr0026/3.67.6-3.141020_11-39-56.04.ome.zarr,opens,,time series (first timepoint only),0.5,3,uint16,tczyx,87x3x21x507x507,1x1x1x507x507,10x4x25x507x507,sharding+bytes+blosc,2,native,,21,false,true,ok,ok,,2760
IDR · idr0026_samples,https://livingobjects.ebi.ac.uk/idr/share/ome2024-ngff-challenge/idr0026/3.64.6-3.NONE.02.ome.zarr,opens,,time series (first timepoint only),0.5,3,uint16,tczyx,78x3x21x507x507,1x1x1x507x507,10x4x25x507x507,sharding+bytes+blosc,2,native,,21,false,true,ok,ok,,2724
IDR · idr0026_samples,https://livingobjects.ebi.ac.uk/idr/share/ome2024-ngff-challenge/idr0026/7.53.10-3.140926_18-40-48.02.ome.zarr,opens,,time series (first timepoint only),0.5,3,uint16,tczyx,86x4x22x507x507,1x1x1x507x507,10x4x25x507x507,sharding+bytes+blosc,2,native,,22,false,true,ok,ok,,2815
IDR · idr0026_samples,https://livingobjects.ebi.ac.uk/idr/share/ome2024-ngff-challenge/idr0026/7.48.10-3.140926_12-18-43.03.ome.zarr,opens,,time series (first timepoint only),0.5,3,uint16,tczyx,43x4x22x507x507,1x1x1x507x507,10x4x25x507x507,sharding+bytes+blosc,2,native,,22,false,true,ok,ok,,3135
IDR · idr0026_samples,https://livingobjects.ebi.ac.uk/idr/share/ome2024-ngff-challenge/idr0026/3.65.6-3.141020_17-15-07.01.ome.zarr,opens,,time series (first timepoint only),0.5,3,uint16,tczyx,54x3x21x507x507,1x1x1x507x507,10x4x25x507x507,sharding+bytes+blosc,2,native,,21,false,true,ok,ok,,2712
IDR · idr0026_samples,https://livingobjects.ebi.ac.uk/idr/share/ome2024-ngff-challenge/idr0026/3.67.6-3.141020_11-39-56.00.ome.zarr,opens,,time series (first timepoint only),0.5,3,uint16,tczyx,87x3x21x507x507,1x1x1x507x507,10x4x25x507x507,sharding+bytes+blosc,2,native,,21,false,true,ok,ok,,2779
IDR · idr0033_samples,https://livingobjects.ebi.ac.uk/idr/share/ome2024-ngff-challenge/idr0033/41749.ome.zarr,hcs-plate,first field: https://livingobjects.ebi.ac.uk/idr/share/ome2024-ngff-challenge/idr0033/41749.ome.zarr/A/1/0,,,3,,,,,,,0,,,,false,false,ok,,true,1859
IDR · idr0033_samples,https://livingobjects.ebi.ac.uk/idr/share/ome2024-ngff-challenge/idr0033/41754.ome.zarr,hcs-plate,first field: https://livingobjects.ebi.ac.uk/idr/share/ome2024-ngff-challenge/idr0033/41754.ome.zarr/A/1/0,,,3,,,,,,,0,,,,false,false,ok,,true,1860
IDR · idr0033_samples,https://livingobjects.ebi.ac.uk/idr/share/ome2024-ngff-challenge/idr0033/41757_illum_corrected.ome.zarr,hcs-plate,first field: https://livingobjects.ebi.ac.uk/idr/share/ome2024-ngff-challenge/idr0033/41757_illum_corrected.ome.zarr/A/1/0,,,3,,,,,,,0,,,,false,false,ok,,true,1873
IDR · idr0033_samples,https://livingobjects.ebi.ac.uk/idr/share/ome2024-ngff-challenge/idr0033/41744.ome.zarr,hcs-plate,first field: https://livingobjects.ebi.ac.uk/idr/share/ome2024-ngff-challenge/idr0033/41744.ome.zarr/A/1/0,,,3,,,,,,,0,,,,false,false,ok,,true,1886
IDR · idr0033_samples,https://livingobjects.ebi.ac.uk/idr/share/ome2024-ngff-challenge/idr0033/41756_illum_corrected.ome.zarr,hcs-plate,first field: https://livingobjects.ebi.ac.uk/idr/share/ome2024-ngff-challenge/idr0033/41756_illum_corrected.ome.zarr/A/1/0,,,3,,,,,,,0,,,,false,false,ok,,true,1904
IDR · idr0033_samples,https://livingobjects.ebi.ac.uk/idr/share/ome2024-ngff-challenge/idr0033/41755.ome.zarr,hcs-plate,first field: https://livingobjects.ebi.ac.uk/idr/share/ome2024-ngff-challenge/idr0033/41755.ome.zarr/A/1/0,,,3,,,,,,,0,,,,false,false,ok,,true,1872
IDR · idr0033_samples,https://livingobjects.ebi.ac.uk/idr/share/ome2024-ngff-challenge/idr0033/41756.ome.zarr,hcs-plate,first field: https://livingobjects.ebi.ac.uk/idr/share/ome2024-ngff-challenge/idr0033/41756.ome.zarr/A/1/0,,,3,,,,,,,0,,,,false,false,ok,,true,1874
IDR · idr0033_samples,https://livingobjects.ebi.ac.uk/idr/share/ome2024-ngff-challenge/idr0033/41755_illum_corrected.ome.zarr,hcs-plate,first field: https://livingobjects.ebi.ac.uk/idr/share/ome2024-ngff-challenge/idr0033/41755_illum_corrected.ome.zarr/A/1/0,,,3,,,,,,,0,,,,false,false,ok,,true,1866
IDR · idr0033_samples,https://livingobjects.ebi.ac.uk/idr/share/ome2024-ngff-challenge/idr0033/41749_illum_corrected.ome.zarr,hcs-plate,first field: https://livingobjects.ebi.ac.uk/idr/share/ome2024-ngff-challenge/idr0033/41749_illum_corrected.ome.zarr/A/1/0,,,3,,,,,,,0,,,,false,false,ok,,true,1850
IDR · idr0033_samples,https://livingobjects.ebi.ac.uk/idr/share/ome2024-ngff-challenge/idr0033/41754_illum_corrected.ome.zarr,hcs-plate,first field: https://livingobjects.ebi.ac.uk/idr/share/ome2024-ngff-challenge/idr0033/41754_illum_corrected.ome.zarr/A/1/0,,,3,,,,,,,0,,,,false,false,ok,,true,1890
IDR · idr0033_samples,https://livingobjects.ebi.ac.uk/idr/share/ome2024-ngff-challenge/idr0033/41757.ome.zarr,hcs-plate,first field: https://livingobjects.ebi.ac.uk/idr/share/ome2024-ngff-challenge/idr0033/41757.ome.zarr/A/1/0,,,3,,,,,,,0,,,,false,false,ok,,true,1887
IDR · idr0033_samples,https://livingobjects.ebi.ac.uk/idr/share/ome2024-ngff-challenge/idr0033/41744_illum_corrected.ome.zarr,hcs-plate,first field: https://livingobjects.ebi.ac.uk/idr/share/ome2024-ngff-challenge/idr0033/41744_illum_corrected.ome.zarr/A/1/0,,,3,,,,,,,0,,,,false,false,ok,,true,1901
IDR · idr0035_samples,https://livingobjects.ebi.ac.uk/idr/share/ome2024-ngff-challenge/idr0035/Week3_25421.ome.zarr,hcs-plate,first field: https://livingobjects.ebi.ac.uk/idr/share/ome2024-ngff-challenge/idr0035/Week3_25421.ome.zarr/B/2/0,,,3,,,,,,,0,,,,false,false,ok,,true,1885
IDR · idr0035_samples,https://livingobjects.ebi.ac.uk/idr/share/ome2024-ngff-challenge/idr0035/Week1_22361.ome.zarr,hcs-plate,first field: https://livingobjects.ebi.ac.uk/idr/share/ome2024-ngff-challenge/idr0035/Week1_22361.ome.zarr/B/2/0,,,3,,,,,,,0,,,,false,false,ok,,true,1852
IDR · idr0035_samples,https://livingobjects.ebi.ac.uk/idr/share/ome2024-ngff-challenge/idr0035/Week3_25701.ome.zarr,hcs-plate,first field: https://livingobjects.ebi.ac.uk/idr/share/ome2024-ngff-challenge/idr0035/Week3_25701.ome.zarr/B/2/0,,,3,,,,,,,0,,,,false,false,ok,,true,1849
IDR · idr0035_samples,https://livingobjects.ebi.ac.uk/idr/share/ome2024-ngff-challenge/idr0035/Week8_38341.ome.zarr,hcs-plate,first field: https://livingobjects.ebi.ac.uk/idr/share/ome2024-ngff-challenge/idr0035/Week8_38341.ome.zarr/B/2/0,,,3,,,,,,,0,,,,false,false,ok,,true,1885
IDR · idr0035_samples,https://livingobjects.ebi.ac.uk/idr/share/ome2024-ngff-challenge/idr0035/Week6_31641.ome.zarr,hcs-plate,first field: https://livingobjects.ebi.ac.uk/idr/share/ome2024-ngff-challenge/idr0035/Week6_31641.ome.zarr/B/2/0,,,3,,,,,,,0,,,,false,false,ok,,true,1901
IDR · idr0035_samples,https://livingobjects.ebi.ac.uk/idr/share/ome2024-ngff-challenge/idr0035/Week8_38203.ome.zarr,hcs-plate,first field: https://livingobjects.ebi.ac.uk/idr/share/ome2024-ngff-challenge/idr0035/Week8_38203.ome.zarr/B/2/0,,,3,,,,,,,0,,,,false,false,ok,,true,1889
IDR · idr0035_samples,https://livingobjects.ebi.ac.uk/idr/share/ome2024-ngff-challenge/idr0035/Week6_32061.ome.zarr,hcs-plate,first field: https://livingobjects.ebi.ac.uk/idr/share/ome2024-ngff-challenge/idr0035/Week6_32061.ome.zarr/B/2/0,,,3,,,,,,,0,,,,false,false,ok,,true,1890
IDR · idr0035_samples,https://livingobjects.ebi.ac.uk/idr/share/ome2024-ngff-challenge/idr0035/Week4_27821.ome.zarr,hcs-plate,first field: https://livingobjects.ebi.ac.uk/idr/share/ome2024-ngff-challenge/idr0035/Week4_27821.ome.zarr/B/2/0,,,3,,,,,,,0,,,,false,false,ok,,true,1906
IDR · idr0035_samples,https://livingobjects.ebi.ac.uk/idr/share/ome2024-ngff-challenge/idr0035/Week7_34381.ome.zarr,hcs-plate,first field: https://livingobjects.ebi.ac.uk/idr/share/ome2024-ngff-challenge/idr0035/Week7_34381.ome.zarr/B/2/0,,,3,,,,,,,0,,,,false,false,ok,,true,1957
IDR · idr0035_samples,https://livingobjects.ebi.ac.uk/idr/share/ome2024-ngff-challenge/idr0035/Week8_38221.ome.zarr,hcs-plate,first field: https://livingobjects.ebi.ac.uk/idr/share/ome2024-ngff-challenge/idr0035/Week8_38221.ome.zarr/B/2/0,,,3,,,,,,,0,,,,false,false,ok,,true,1868
IDR · idr0035_samples,https://livingobjects.ebi.ac.uk/idr/share/ome2024-ngff-challenge/idr0035/Week6_32121.ome.zarr,hcs-plate,first field: https://livingobjects.ebi.ac.uk/idr/share/ome2024-ngff-challenge/idr0035/Week6_32121.ome.zarr/B/2/0,,,3,,,,,,,0,,,,false,false,ok,,true,1952
IDR · idr0035_samples,https://livingobjects.ebi.ac.uk/idr/share/ome2024-ngff-challenge/idr0035/Week4_27861.ome.zarr,hcs-plate,first field: https://livingobjects.ebi.ac.uk/idr/share/ome2024-ngff-challenge/idr0035/Week4_27861.ome.zarr/B/2/0,,,3,,,,,,,0,,,,false,false,ok,,true,1922
IDR · idr0035_samples,https://livingobjects.ebi.ac.uk/idr/share/ome2024-ngff-challenge/idr0035/Week3_25721.ome.zarr,hcs-plate,first field: https://livingobjects.ebi.ac.uk/idr/share/ome2024-ngff-challenge/idr0035/Week3_25721.ome.zarr/B/2/0,,,3,,,,,,,0,,,,false,false,ok,,true,1859
IDR · idr0035_samples,https://livingobjects.ebi.ac.uk/idr/share/ome2024-ngff-challenge/idr0035/Week6_31661.ome.zarr,hcs-plate,first field: https://livingobjects.ebi.ac.uk/idr/share/ome2024-ngff-challenge/idr0035/Week6_31661.ome.zarr/B/2/0,,,3,,,,,,,0,,,,false,false,ok,,true,1834
IDR · idr0035_samples,https://livingobjects.ebi.ac.uk/idr/share/ome2024-ngff-challenge/idr0035/Week5_29341.ome.zarr,hcs-plate,first field: https://livingobjects.ebi.ac.uk/idr/share/ome2024-ngff-challenge/idr0035/Week5_29341.ome.zarr/B/2/0,,,3,,,,,,,0,,,,false,false,ok,,true,1822
IDR · idr0036_samples,https://livingobjects.ebi.ac.uk/idr/share/ome2024-ngff-challenge/idr0036/20596.ome.zarr,hcs-plate,first field: https://livingobjects.ebi.ac.uk/idr/share/ome2024-ngff-challenge/idr0036/20596.ome.zarr/B/4/0,,,3,,,,,,,0,,,,false,false,ok,,false,1795
IDR · idr0036_samples,https://livingobjects.ebi.ac.uk/idr/share/ome2024-ngff-challenge/idr0036/20591.ome.zarr,hcs-plate,first field: https://livingobjects.ebi.ac.uk/idr/share/ome2024-ngff-challenge/idr0036/20591.ome.zarr/K/20/0,,,3,,,,,,,0,,,,false,false,ok,,false,1897
IDR · idr0036_samples,https://livingobjects.ebi.ac.uk/idr/share/ome2024-ngff-challenge/idr0036/20633.ome.zarr,hcs-plate,first field: https://livingobjects.ebi.ac.uk/idr/share/ome2024-ngff-challenge/idr0036/20633.ome.zarr/A/3/0,,,3,,,,,,,0,,,,false,false,ok,,false,1846
IDR · idr0036_samples,https://livingobjects.ebi.ac.uk/idr/share/ome2024-ngff-challenge/idr0036/20641.ome.zarr,hcs-plate,first field: https://livingobjects.ebi.ac.uk/idr/share/ome2024-ngff-challenge/idr0036/20641.ome.zarr/E/8/0,,,3,,,,,,,0,,,,false,false,ok,,false,1894
IDR · idr0036_samples,https://livingobjects.ebi.ac.uk/idr/share/ome2024-ngff-challenge/idr0036/20593.ome.zarr,hcs-plate,first field: https://livingobjects.ebi.ac.uk/idr/share/ome2024-ngff-challenge/idr0036/20593.ome.zarr/B/6/0,,,3,,,,,,,0,,,,false,false,ok,,false,1923
IDR · idr0036_samples,https://livingobjects.ebi.ac.uk/idr/share/ome2024-ngff-challenge/idr0036/20608.ome.zarr,hcs-plate,first field: https://livingobjects.ebi.ac.uk/idr/share/ome2024-ngff-challenge/idr0036/20608.ome.zarr/K/4/0,,,3,,,,,,,0,,,,false,false,ok,,false,1913
IDR · idr0036_samples,https://livingobjects.ebi.ac.uk/idr/share/ome2024-ngff-challenge/idr0036/20585.ome.zarr,hcs-plate,first field: https://livingobjects.ebi.ac.uk/idr/share/ome2024-ngff-challenge/idr0036/20585.ome.zarr/H/21/0,,,3,,,,,,,0,,,,false,false,ok,,false,1874
IDR · idr0036_samples,https://livingobjects.ebi.ac.uk/idr/share/ome2024-ngff-challenge/idr0036/20639.ome.zarr,hcs-plate,first field: https://livingobjects.ebi.ac.uk/idr/share/ome2024-ngff-challenge/idr0036/20639.ome.zarr/E/3/0,,,3,,,,,,,0,,,,false,false,ok,,false,1832
IDR · idr0036_samples,https://livingobjects.ebi.ac.uk/idr/share/ome2024-ngff-challenge/idr0036/20625.ome.zarr,hcs-plate,first field: https://livingobjects.ebi.ac.uk/idr/share/ome2024-ngff-challenge/idr0036/20625.ome.zarr/M/6/0,,,3,,,,,,,0,,,,false,false,ok,,false,1794
IDR · idr0036_samples,https://livingobjects.ebi.ac.uk/idr/share/ome2024-ngff-challenge/idr0036/20594.ome.zarr,hcs-plate,first field: https://livingobjects.ebi.ac.uk/idr/share/ome2024-ngff-challenge/idr0036/20594.ome.zarr/E/14/0,,,3,,,,,,,0,,,,false,false,ok,,false,1876
IDR · idr0036_samples,https://livingobjects.ebi.ac.uk/idr/share/ome2024-ngff-challenge/idr0036/20646.ome.zarr,hcs-plate,first field: https://livingobjects.ebi.ac.uk/idr/share/ome2024-ngff-challenge/idr0036/20646.ome.zarr/H/3/0,,,3,,,,,,,0,,,,false,false,ok,,false,1863
IDR · idr0036_samples,https://livingobjects.ebi.ac.uk/idr/share/ome2024-ngff-challenge/idr0036/20590.ome.zarr,hcs-plate,first field: https://livingobjects.ebi.ac.uk/idr/share/ome2024-ngff-challenge/idr0036/20590.ome.zarr/P/24/0,,,3,,,,,,,0,,,,false,false,ok,,false,1892
IDR · idr0036_samples,https://livingobjects.ebi.ac.uk/idr/share/ome2024-ngff-challenge/idr0036/20626.ome.zarr,hcs-plate,first field: https://livingobjects.ebi.ac.uk/idr/share/ome2024-ngff-challenge/idr0036/20626.ome.zarr/I/2/0,,,3,,,,,,,0,,,,false,false,ok,,false,1880
IDR · idr0036_samples,https://livingobjects.ebi.ac.uk/idr/share/ome2024-ngff-challenge/idr0036/20592.ome.zarr,hcs-plate,first field: https://livingobjects.ebi.ac.uk/idr/share/ome2024-ngff-challenge/idr0036/20592.ome.zarr/A/20/0,,,3,,,,,,,0,,,,false,false,ok,,false,1841
IDR · idr0036_samples,https://livingobjects.ebi.ac.uk/idr/share/ome2024-ngff-challenge/idr0036/20630.ome.zarr,hcs-plate,first field: https://livingobjects.ebi.ac.uk/idr/share/ome2024-ngff-challenge/idr0036/20630.ome.zarr/C/18/0,,,3,,,,,,,0,,,,false,false,ok,,false,1854
IDR · idr0051_samples,https://livingobjects.ebi.ac.uk/idr/share/ome2024-ngff-challenge/idr0051/180712_H2B_22ss_Courtney1_20180712-163837_p00_c00_preview.zarr,opens,,time series (first timepoint only); thin chunks (>32 chunks per brick),0.5,3,uint16,tczyx,79x1x201x333x333,1x1x1x333x333,1x1x201x333x333,sharding+bytes+blosc,2,native,,66,false,true,ok,ok,,2819
IDR · idr0051_samples,https://livingobjects.ebi.ac.uk/idr/share/ome2024-ngff-challenge/idr0051/180712_H2B_22ss_Courtney_p00_c00_t0000_reg_preview.zarr,opens,,time series (first timepoint only); thin chunks (>32 chunks per brick),0.5,3,uint16,tczyx,206x1x418x700x527,1x1x1x350x264,1x1x100x700x528,sharding+bytes+blosc,3,native,,264,false,true,ok,ok,,2827
IDR · idr0051_samples,https://livingobjects.ebi.ac.uk/idr/share/ome2024-ngff-challenge/idr0051/2018-06-28_21ss_DMSO_TF_20180628-185945_p00_c00_reg_preview.zarr,opens,,time series (first timepoint only); thin chunks (>32 chunks per brick),0.5,3,uint16,tczyx,32x1x264x426x427,1x1x1x213x214,1x1x264x426x428,sharding+bytes+blosc,2,native,,264,false,true,ok,ok,,2736
IDR · idr0051_samples,https://livingobjects.ebi.ac.uk/idr/share/ome2024-ngff-challenge/idr0051/embryo_dmso_2_new_17-00-44_p00_c00_reg_preview.klb.zarr,opens,,time series (first timepoint only); thin chunks (>32 chunks per brick),0.5,3,uint16,tczyx,147x1x451x472x384,1x1x1x236x192,1x1x451x472x384,sharding+bytes+blosc,2,native,,132,false,true,ok,ok,,2725
IDR · idr0051_samples,https://livingobjects.ebi.ac.uk/idr/share/ome2024-ngff-challenge/idr0051/embryo_dmso_2_new_17-00-44_p00_c00_reg_preview.zarr,opens,,time series (first timepoint only); thin chunks (>32 chunks per brick),0.5,3,uint16,tczyx,147x1x451x384x472,1x1x1x192x236,1x1x451x384x472,sharding+bytes+blosc,2,native,,132,false,true,ok,ok,,2728
IDR · idr0054_samples,https://livingobjects.ebi.ac.uk/idr/share/ome2024-ngff-challenge/idr0054/Tonsil 1.zarr,opens,,more than 4 channels (first 4 shown); 2D (single z-slice),0.5,3,uint8,tczyx,1x27x1x2700x2702,1x1x1x1024x1024,1x1x1x3072x3072,sharding+bytes+blosc,5,native,,1,false,true,ok,ok,,3304
IDR · idr0054_samples,https://livingobjects.ebi.ac.uk/idr/share/ome2024-ngff-challenge/idr0054/Tonsil 2.zarr,opens,,more than 4 channels (first 4 shown); 2D (single z-slice),0.5,3,uint8,tczyx,1x27x1x2701x2701,1x1x1x1024x1024,1x1x1x3072x3072,sharding+bytes+blosc,5,native,,1,false,true,ok,ok,,3225
IDR · idr0054_samples,https://livingobjects.ebi.ac.uk/idr/share/ome2024-ngff-challenge/idr0054/Tonsil 3.zarr,opens,,more than 4 channels (first 4 shown); 2D (single z-slice),0.5,3,uint8,tczyx,1x27x1x2500x2500,1x1x1x1024x1024,1x1x1x3072x3072,sharding+bytes+blosc,5,native,,1,false,true,ok,ok,,3241
IDR · idr0066_samples,https://livingobjects.ebi.ac.uk/idr/share/ome2024-ngff-challenge/idr0066/ExpA_VIP_ASLM_off.ome.zarr,opens,,thin chunks (>32 chunks per brick),0.5,3,uint16,tczyx,1x1x1937x2048x2048,1x1x1x256x256,1x1x10x2048x2048,sharding+bytes+blosc,4,native,,264,false,true,ok,ok,,3082
IDR · idr0066_samples,https://livingobjects.ebi.ac.uk/idr/share/ome2024-ngff-challenge/idr0066/ExpB_whole_cns_MIP.ome.zarr,opens,,2D (single z-slice),0.5,3,uint16,tczyx,1x2x1x2738x9357,1x1x1x256x256,1x1x1x2816x9472,sharding+bytes+blosc,7,native,,1,false,true,ok,ok,,3531
IDR · idr0066_samples,https://livingobjects.ebi.ac.uk/idr/share/ome2024-ngff-challenge/idr0066/ExpA_VIP_ASLM_off_MIP_XZ_1084to1115.zarr,axes,Array has 2 dimensions — a volume needs at least 3,,0.5,3,uint16,yx,1478x2048,256x256,1536x2048,sharding+bytes+blosc,6,,,,false,true,ok,,,2217
IDR · idr0066_samples,https://livingobjects.ebi.ac.uk/idr/share/ome2024-ngff-challenge/idr0066/ExpA_VIP_ASLM_off_XZ_slice1088.zarr,axes,Array has 2 dimensions — a volume needs at least 3,,0.5,3,uint16,yx,1478x2048,256x256,1536x2048,sharding+bytes+blosc,6,,,,false,true,ok,,,2221
IDR · idr0066_samples,https://livingobjects.ebi.ac.uk/idr/share/ome2024-ngff-challenge/idr0066/ExpA_VIP_ASLM_on.zarr,opens,,thin chunks (>32 chunks per brick),0.5,3,uint16,zyx,1937x2048x2048,1x256x256,10x2048x2048,sharding+bytes+blosc,6,native,,264,false,true,ok,ok,,3078
IDR · idr0066_samples,https://livingobjects.ebi.ac.uk/idr/share/ome2024-ngff-challenge/idr0066/ExpA_VIP_ASLM_on_MIP_XZ_1084to1115.zarr,axes,Array has 2 dimensions — a volume needs at least 3,,0.5,3,uint16,yx,1478x2048,256x256,1536x2048,sharding+bytes+blosc,6,,,,false,true,ok,,,2169
IDR · idr0066_samples,https://livingobjects.ebi.ac.uk/idr/share/ome2024-ngff-challenge/idr0066/ExpA_VIP_ASLM_on_XZ_slice1088.zarr,axes,Array has 2 dimensions — a volume needs at least 3,,0.5,3,uint16,yx,1478x2048,256x256,1536x2048,sharding+bytes+blosc,6,,,,false,true,ok,,,2064
IDR · idr0066_samples,https://livingobjects.ebi.ac.uk/idr/share/ome2024-ngff-challenge/idr0066/ExpB_whole_cns_AF.ome.zarr,opens,,thin chunks (>32 chunks per brick),0.5,3,uint16,zyx,896x1368x4665,1x256x256,1x1536x4864,sharding+bytes+blosc,7,native,,264,false,true,ok,ok,,3141
IDR · idr0066_samples,https://livingobjects.ebi.ac.uk/idr/share/ome2024-ngff-challenge/idr0066/ExpB_whole_cns_spinal_cord.ome.zarr,opens,,thin chunks (>32 chunks per brick),0.5,3,uint16,zyx,1024x2049x2042,1x257x257,10x2056x2056,sharding+bytes+blosc,6,native,,264,false,true,ok,ok,,3055
IDR · idr0066_samples,https://livingobjects.ebi.ac.uk/idr/share/ome2024-ngff-challenge/idr0066/ExpB_whole_cns_spinal_cord_MIP.ome.zarr,axes,Array has 2 dimensions — a volume needs at least 3,,0.5,3,uint16,yx,2049x2042,257x257,2056x2056,sharding+bytes+blosc,6,,,,false,true,ok,,,2176
IDR · idr0066_samples,https://livingobjects.ebi.ac.uk/idr/share/ome2024-ngff-challenge/idr0066/ExpC_TPH2_whole_brain.zarr,opens,,thin chunks (>32 chunks per brick),0.5,3,uint16,zyx,2107x2227x2056,1x257x257,10x2313x2056,sharding+bytes+blosc,6,native,,132,false,true,ok,ok,,3076
IDR · idr0066_samples,https://livingobjects.ebi.ac.uk/idr/share/ome2024-ngff-challenge/idr0066/ExpC_TPH2_left_cerebellum.zarr,opens,,thin chunks (>32 chunks per brick),0.5,3,uint16,zyx,2225x2048x2048,1x256x256,10x2048x2048,sharding+bytes+blosc,6,native,,264,false,true,ok,ok,,3021
IDR · idr0066_samples,https://livingobjects.ebi.ac.uk/idr/share/ome2024-ngff-challenge/idr0066/ExpC_TPH2_left_cerebellum_MIP_slice_600_to_800.zarr,axes,Array has 2 dimensions — a volume needs at least 3,,0.5,3,uint16,yx,2048x2048,256x256,2048x2048,sharding+bytes+blosc,6,,,,false,true,ok,,,2190
IDR · idr0066_samples,https://livingobjects.ebi.ac.uk/idr/share/ome2024-ngff-challenge/idr0066/ExpC_TPH2_whole_brain_MIP_slice_800_to_850.zarr,axes,Array has 2 dimensions — a volume needs at least 3,,0.5,3,uint16,yx,2198x2024,256x256,2304x2048,sharding+bytes+blosc,6,,,,false,true,ok,,,2179
IDR · idr0066_samples,https://livingobjects.ebi.ac.uk/idr/share/ome2024-ngff-challenge/idr0066/ExpD_chicken_embryo_MIP.ome.zarr,axes,Array has 2 dimensions — a volume needs at least 3,,0.5,3,uint8,yx,8978x6510,256x256,2048x2048,sharding+bytes+blosc,8,,,,false,true,ok,,,2543
IDR · idr0157_samples,https://livingobjects.ebi.ac.uk/idr/share/ome2024-ngff-challenge/idr0157/Asterella gracilis SWE/IMG_1033-1112 Asterella gracilis (Mannia gracilis) stature.ome.zarr,opens,,thin chunks (>32 chunks per brick),0.5,3,uint16,tczyx,1x3x80x5464x8192,1x1x1x1024x1024,1x3x1x1024x1024,sharding+bytes+blosc,6,native,,34,false,true,ok,ok,,3080
IDR · idr0157_samples,https://livingobjects.ebi.ac.uk/idr/share/ome2024-ngff-challenge/idr0157/Asterella gracilis SWE/IMG_0005 Asterella gracilis (Mannia gracilis) voucher specimen.ome.zarr,opens,,2D (single z-slice),0.5,3,uint16,tczyx,1x3x1x3088x5308,1x1x1x1024x1024,1x3x1x1024x1024,sharding+bytes+blosc,6,native,,1,false,true,ok,ok,,3147
IDR · idr0157_samples,https://livingobjects.ebi.ac.uk/idr/share/ome2024-ngff-challenge/idr0157/Mannia fragrans SWE/IMG_2105-2204 Mannia fragrans thallus with air pore cross section (40x).ome.zarr,opens,,thin chunks (>32 chunks per brick),0.5,3,uint16,tczyx,1x3x100x4160x6240,1x1x1x1024x1024,1x3x1x1024x1024,sharding+bytes+blosc,6,native,,74,false,true,ok,ok,,3097
IDR · idr0157_samples,https://livingobjects.ebi.ac.uk/idr/share/ome2024-ngff-challenge/idr0157/Reboulia hemisphaerica subsp. hemisphaerica SWE/IMG_3201-3300 Reboulia hemisphaerica subsp. hemisphaerica thallus with air pore anterior view (40x DIC).ome.zarr,opens,,thin chunks (>32 chunks per brick),0.5,3,uint16,tczyx,1x3x100x4160x6240,1x1x1x1024x1024,1x3x1x1024x1024,sharding+bytes+blosc,6,native,,74,false,true,ok,ok,,3163
IDR · idr0157_samples,https://livingobjects.ebi.ac.uk/idr/share/ome2024-ngff-challenge/idr0157/Riccia beyrichiana SWE/IMG_2073-2192 Riccia beyrichiana spores (40x).ome.zarr,opens,,thin chunks (>32 chunks per brick),0.5,3,uint16,tczyx,1x3x120x4160x6240,1x1x1x1024x1024,1x3x1x1024x1024,sharding+bytes+blosc,6,native,,114,false,true,ok,ok,,2959
IDR · idr0157_samples,https://livingobjects.ebi.ac.uk/idr/share/ome2024-ngff-challenge/idr0157/Riccia bifurca SWE/IMG_2947-3046 Riccia bifurca spores (40x).ome.zarr,opens,,thin chunks (>32 chunks per brick),0.5,3,uint16,tczyx,1x3x100x4160x6240,1x1x1x1024x1024,1x3x1x1024x1024,sharding+bytes+blosc,6,native,,74,false,true,ok,ok,,3139
IDR · idr0157_samples,https://livingobjects.ebi.ac.uk/idr/share/ome2024-ngff-challenge/idr0157/Riccia canaliculata SWE/IMG_0024-0063 Riccia canaliculata stature.ome.zarr,opens,,thin chunks (>32 chunks per brick),0.5,3,uint16,tczyx,1x3x40x3888x5184,1x1x1x1024x1024,1x3x1x1024x1024,sharding+bytes+blosc,6,native,,40,false,true,ok,ok,,3092
IDR · idr0157_samples,https://livingobjects.ebi.ac.uk/idr/share/ome2024-ngff-challenge/idr0157/Riccia cavernosa SWE/IMG_0240-0279 Riccia cavernosa stature.ome.zarr,opens,,thin chunks (>32 chunks per brick),0.5,3,uint16,tczyx,1x3x40x3888x5184,1x1x1x1024x1024,1x3x1x1024x1024,sharding+bytes+blosc,6,native,,40,false,true,ok,ok,,3145
IDR · idr0157_samples,https://livingobjects.ebi.ac.uk/idr/share/ome2024-ngff-challenge/idr0157/Riccia ciliifera GER/IMG_1501-1551 Riccia ciliifera stature ventral side (Laowa 5.0x).ome.zarr,opens,,thin chunks (>32 chunks per brick),0.5,3,uint16,tczyx,1x3x51x4160x6240,1x1x1x1024x1024,1x3x1x1024x1024,sharding+bytes+blosc,6,native,,102,false,true,ok,ok,,3156
IDR · idr0157_samples,https://livingobjects.ebi.ac.uk/idr/share/ome2024-ngff-challenge/idr0157/Riccia ciliifera SWE/IMG_2522-2581 Riccia ciliifera ventral scales female plant (10x).ome.zarr,opens,,thin chunks (>32 chunks per brick),0.5,3,uint16,tczyx,1x3x60x4160x6240,1x1x1x1024x1024,1x3x1x1024x1024,sharding+bytes+blosc,6,native,,120,false,true,ok,ok,,3105
IDR · idr0157_samples,https://livingobjects.ebi.ac.uk/idr/share/ome2024-ngff-challenge/idr0157/Riccia gothica SWE/IMG_1151-1210 Riccia gothica thallus cross section (10x).ome.zarr,opens,,thin chunks (>32 chunks per brick),0.5,3,uint16,tczyx,1x3x60x4160x6240,1x1x1x1024x1024,1x3x1x1024x1024,sharding+bytes+blosc,6,native,,120,false,true,ok,ok,,3020
IDR · idr0157_samples,https://livingobjects.ebi.ac.uk/idr/share/ome2024-ngff-challenge/idr0157/Riccia gougetiana var. armatissima GER/IMG_3799-3848 Riccia gougetiana var. armatissima thallus cross section (5x).ome.zarr,opens,,thin chunks (>32 chunks per brick),0.5,3,uint16,tczyx,1x3x50x4160x6240,1x1x1x1024x1024,1x3x1x1024x1024,sharding+bytes+blosc,6,native,,100,false,true,ok,ok,,2955
IDR · idr0157_samples,https://livingobjects.ebi.ac.uk/idr/share/ome2024-ngff-challenge/idr0157/Riccia huebeneriana SWE/IMG_1909-2008 Riccia huebeneriana spores (40x).ome.zarr,opens,,thin chunks (>32 chunks per brick),0.5,3,uint16,tczyx,1x3x100x4160x6240,1x1x1x1024x1024,1x3x1x1024x1024,sharding+bytes+blosc,6,native,,74,false,true,ok,ok,,3099
IDR · idr0157_samples,https://livingobjects.ebi.ac.uk/idr/share/ome2024-ngff-challenge/idr0157/Riccia sorocarpa SWE/IMG_0771-0890 Riccia sorocarpa spores (40x).ome.zarr,opens,,thin chunks (>32 chunks per brick),0.5,3,uint16,tczyx,1x3x120x4160x6240,1x1x1x1024x1024,1x3x1x1024x1024,sharding+bytes+blosc,6,native,,114,false,true,ok,ok,,2960
IDR · idr0157_samples,https://livingobjects.ebi.ac.uk/idr/share/ome2024-ngff-challenge/idr0157/Riccia subbifurca SWE1/IMG_0451-0500 Riccia subbifurca stature ventral side (Laowa 5.0x).ome.zarr,opens,,thin chunks (>32 chunks per brick),0.5,3,uint16,tczyx,1x3x50x4160x6240,1x1x1x1024x1024,1x3x1x1024x1024,sharding+bytes+blosc,6,native,,100,false,true,ok,ok,,3118
BioImage Archive,https://livingobjects.ebi.ac.uk/bioimaging-01-pub/ebi-ngff-challenge-2024/c0e5d621-62cc-43a6-9dad-2ddab8959d17.zarr,opens,,time series (first timepoint only); 2D (single z-slice),0.5,3,uint16,tczyx,163x2x1x1024x1024,1x1x1x128x128,1x1x1x2048x2048,sharding+bytes+blosc,3,native,,4,false,true,ok,ok,,2507
BioImage Archive,https://livingobjects.ebi.ac.uk/bioimaging-01-pub/ebi-ngff-challenge-2024/4ffaeed2-fa70-4907-820f-8a96ef683095.zarr,opens,,2D (single z-slice),0.5,3,uint8,tczyx,1x2x1x512x512,1x1x1x256x256,1x1x1x2048x2048,sharding+bytes+blosc,2,native,,4,false,true,ok,ok,,2452
BioImage Archive,https://livingobjects.ebi.ac.uk/bioimaging-01-pub/ebi-ngff-challenge-2024/fb416517-e36d-4bdb-98f9-47b644138d47.zarr,opens,,thin chunks (>32 chunks per brick),0.5,3,float32,tczyx,1x1x190x617x617,1x1x1x256x256,1x1x1x2048x2048,sharding+bytes+blosc,3,native,,66,false,true,ok,ok,,2552
BioImage Archive,https://livingobjects.ebi.ac.uk/bioimaging-01-pub/ebi-ngff-challenge-2024/79ad519b-0aa6-4d64-85a9-6cea2318b980.zarr,opens,,thin chunks (>32 chunks per brick),0.5,3,uint16,tczyx,1x1x984x1005x980,1x1x1x256x256,1x1x1x2048x2048,sharding+bytes+blosc,3,native,,264,false,true,ok,ok,,2503
BioImage Archive,https://livingobjects.ebi.ac.uk/bioimaging-01-pub/ebi-ngff-challenge-2024/fde851c4-cf25-41b5-ae6b-c8b2216fd5d1.zarr,opens,,2D (single z-slice),0.5,3,uint8,tczyx,1x3x1x39787x83663,1x1x1x128x128,1x1x1x2048x2048,sharding+bytes+blosc,10,native,,4,false,true,ok,ok,,3643
BioImage Archive,https://livingobjects.ebi.ac.uk/bioimaging-01-pub/ebi-ngff-challenge-2024/eea08413-3c5e-4fae-b4fb-02c7c5ebb8a4.zarr,opens,,thin chunks (>32 chunks per brick),0.5,3,uint8,tczyx,1x1x1966x3703x3337,1x1x32x32x32,1x1x128x128x128,sharding+bytes+blosc,5,native,,64,false,true,ok,ok,,2890
BioImage Archive,https://livingobjects.ebi.ac.uk/bioimaging-01-pub/ebi-ngff-challenge-2024/9d53468d-2b49-4a43-98dd-c1838485fddd.zarr,opens,,thin chunks (>32 chunks per brick),0.5,3,uint16,tczyx,1x1x1196x2048x2048,1x1x32x32x32,1x1x128x128x128,sharding+bytes+blosc,4,native,,64,false,true,ok,ok,,2685
BioImage Archive,https://livingobjects.ebi.ac.uk/bioimaging-01-pub/ebi-ngff-challenge-2024/7cc10a97-23f1-4e3e-80f2-d91dc39f2ab9.zarr,opens,,2D (single z-slice),0.5,3,uint16,tczyx,1x1x1x11898x11898,1x1x1x256x256,1x1x1x2048x2048,sharding+bytes+blosc,7,native,,1,false,true,ok,ok,,3157
BioImage Archive,https://livingobjects.ebi.ac.uk/bioimaging-01-pub/ebi-ngff-challenge-2024/2a544b69-9ddd-4941-9801-fd406d06880c.zarr,opens,,thin chunks (>32 chunks per brick),0.5,3,uint8,tczyx,1x1x1061x3253x3874,1x1x32x32x32,1x1x128x128x128,sharding+bytes+blosc,5,native,,64,false,true,ok,ok,,2929
BioImage Archive,https://livingobjects.ebi.ac.uk/bioimaging-01-pub/ebi-ngff-challenge-2024/c9ba2bf5-09d1-41ff-a925-df0b725a53e4.zarr,opens,,thin chunks (>32 chunks per brick),0.5,3,float32,tczyx,1x1x512x1024x1024,1x1x32x32x32,1x1x128x128x128,sharding+bytes+blosc,3,native,,64,false,true,ok,ok,,2546
JAX · KOMP_adult_lacZ,https://storage.googleapis.com/jax-public-ngff/public/3722.zarr,opens,,2D (single z-slice),0.5,3,uint8,tczyx,1x3x1x46080x113280,1x3x1x1024x1024,1x3x1x32768x32768,sharding+bytes+blosc,7,native,,1,false,true,ok,ok,,5171
JAX · KOMP_adult_lacZ,https://storage.googleapis.com/jax-public-ngff/public/32438.zarr,opens,,2D (single z-slice),0.5,3,uint8,tczyx,1x3x1x47104x109440,1x3x1x1024x1024,1x3x1x32768x32768,sharding+bytes+blosc,7,native,,2,false,true,ok,ok,,3658
JAX · KOMP_adult_lacZ,https://storage.googleapis.com/jax-public-ngff/public/2055.zarr,opens,,2D (single z-slice),0.5,3,uint8,tczyx,1x3x1x49152x111360,1x3x1x1024x1024,1x3x1x32768x32768,sharding+bytes+blosc,7,native,,2,false,true,ok,ok,,3672
JAX · KOMP_adult_lacZ,https://storage.googleapis.com/jax-public-ngff/public/2665.zarr,opens,,2D (single z-slice),0.5,3,uint8,tczyx,1x3x1x36864x107520,1x3x1x1024x1024,1x3x1x32768x32768,sharding+bytes+blosc,7,native,,2,false,true,ok,ok,,3946
JAX · KOMP_adult_lacZ,https://storage.googleapis.com/jax-public-ngff/public/2183.zarr,opens,,2D (single z-slice),0.5,3,uint8,tczyx,1x3x1x54016x113280,1x3x1x1024x1024,1x3x1x32768x32768,sharding+bytes+blosc,7,native,,1,false,true,ok,ok,,3355
JAX · KOMP_adult_lacZ,https://storage.googleapis.com/jax-public-ngff/public/3767.zarr,opens,,2D (single z-slice),0.5,3,uint8,tczyx,1x3x1x54784x109440,1x3x1x1024x1024,1x3x1x32768x32768,sharding+bytes+blosc,7,native,,1,false,true,ok,ok,,2889
JAX · KOMP_adult_lacZ,https://storage.googleapis.com/jax-public-ngff/public/486.zarr,opens,,2D (single z-slice),0.5,3,uint8,tczyx,1x3x1x22016x76800,1x3x1x1024x1024,1x3x1x32768x32768,sharding+bytes+blosc,7,native,,1,false,true,ok,ok,,2754
JAX · KOMP_adult_lacZ,https://storage.googleapis.com/jax-public-ngff/public/2088.zarr,opens,,2D (single z-slice),0.5,3,uint8,tczyx,1x3x1x52224x113280,1x3x1x1024x1024,1x3x1x32768x32768,sharding+bytes+blosc,7,native,,1,false,true,ok,ok,,3108
JAX · KOMP_adult_lacZ,https://storage.googleapis.com/jax-public-ngff/public/4659.zarr,opens,,2D (single z-slice),0.5,3,uint8,tczyx,1x3x1x40960x109440,1x3x1x1024x1024,1x3x1x32768x32768,sharding+bytes+blosc,7,native,,2,false,true,ok,ok,,3572
JAX · KOMP_adult_lacZ,https://storage.googleapis.com/jax-public-ngff/public/3227.zarr,opens,,2D (single z-slice),0.5,3,uint8,tczyx,1x3x1x48128x111360,1x3x1x1024x1024,1x3x1x32768x32768,sharding+bytes+blosc,7,native,,1,false,true,ok,ok,,4983
JAX · KOMP_adult_lacZ,https://storage.googleapis.com/jax-public-ngff/public/4615.zarr,opens,,2D (single z-slice),0.5,3,uint8,tczyx,1x3x1x42496x113280,1x3x1x1024x1024,1x3x1x32768x32768,sharding+bytes+blosc,7,native,,1,false,true,ok,ok,,2818
JAX · KOMP_adult_lacZ,https://storage.googleapis.com/jax-public-ngff/public/69.zarr,opens,,2D (single z-slice),0.5,3,uint8,tczyx,1x3x1x44544x115200,1x3x1x1024x1024,1x3x1x32768x32768,sharding+bytes+blosc,7,native,,1,false,true,ok,ok,,3216
JAX · KOMP_adult_lacZ,https://storage.googleapis.com/jax-public-ngff/public/3960.zarr,opens,,2D (single z-slice),0.5,3,uint8,tczyx,1x3x1x44032x109440,1x3x1x1024x1024,1x3x1x32768x32768,sharding+bytes+blosc,7,native,,1,false,true,ok,ok,,2894
JAX · KOMP_adult_lacZ,https://storage.googleapis.com/jax-public-ngff/public/32914.zarr,opens,,2D (single z-slice),0.5,3,uint8,tczyx,1x3x1x55296x115200,1x3x1x1024x1024,1x3x1x32768x32768,sharding+bytes+blosc,7,native,,2,false,true,ok,ok,,3167
JAX · KOMP_adult_lacZ,https://storage.googleapis.com/jax-public-ngff/public/3218.zarr,opens,,2D (single z-slice),0.5,3,uint8,tczyx,1x3x1x53760x115200,1x3x1x1024x1024,1x3x1x32768x32768,sharding+bytes+blosc,7,native,,1,false,true,ok,ok,,2793
JAX · KOMP_histopathology,https://storage.googleapis.com/jax-public-ngff/public/42815.zarr,opens,,2D (single z-slice),0.5,3,uint8,tczyx,1x3x1x55296x96000,1x3x1x1024x1024,1x3x1x32768x32768,sharding+bytes+blosc,7,native,,2,false,true,ok,ok,,4153
JAX · KOMP_histopathology,https://storage.googleapis.com/jax-public-ngff/public/40917.zarr,opens,,2D (single z-slice),0.5,3,uint8,tczyx,1x3x1x48128x63360,1x3x1x1024x1024,1x3x1x32768x32768,sharding+bytes+blosc,6,native,,2,false,true,ok,ok,,4792
JAX · KOMP_histopathology,https://storage.googleapis.com/jax-public-ngff/public/38980.zarr,opens,,2D (single z-slice),0.5,3,uint8,tczyx,1x3x1x40960x67200,1x3x1x1024x1024,1x3x1x32768x32768,sharding+bytes+blosc,7,native,,2,false,true,ok,ok,,3829
JAX · KOMP_histopathology,https://storage.googleapis.com/jax-public-ngff/public/40266.zarr,opens,,2D (single z-slice),0.5,3,uint8,tczyx,1x3x1x52480x74880,1x3x1x1024x1024,1x3x1x32768x32768,sharding+bytes+blosc,7,native,,1,false,true,ok,ok,,3124
JAX · KOMP_histopathology,https://storage.googleapis.com/jax-public-ngff/public/43600.zarr,opens,,2D (single z-slice),0.5,3,uint8,tczyx,1x3x1x54784x71040,1x3x1x1024x1024,1x3x1x32768x32768,sharding+bytes+blosc,7,native,,1,false,true,ok,ok,,3275
JAX · KOMP_histopathology,https://storage.googleapis.com/jax-public-ngff/public/45217.zarr,opens,,2D (single z-slice),0.5,3,uint8,tczyx,1x3x1x52224x78720,1x3x1x1024x1024,1x3x1x32768x32768,sharding+bytes+blosc,7,native,,1,false,true,ok,ok,,2906
JAX · KOMP_histopathology,https://storage.googleapis.com/jax-public-ngff/public/39451.zarr,opens,,2D (single z-slice),0.5,3,uint8,tczyx,1x3x1x47616x78720,1x3x1x1024x1024,1x3x1x32768x32768,sharding+bytes+blosc,7,native,,1,false,true,ok,ok,,2938
JAX · KOMP_histopathology,https://storage.googleapis.com/jax-public-ngff/public/38947.zarr,opens,,2D (single z-slice),0.5,3,uint8,tczyx,1x3x1x54784x105600,1x3x1x1024x1024,1x3x1x32768x32768,sharding+bytes+blosc,7,native,,1,false,true,ok,ok,,4733
JAX · KOMP_histopathology,https://storage.googleapis.com/jax-public-ngff/public/40885.zarr,opens,,2D (single z-slice),0.5,3,uint8,tczyx,1x3x1x52480x96000,1x3x1x1024x1024,1x3x1x32768x32768,sharding+bytes+blosc,7,native,,1,false,true,ok,ok,,2573
JAX · KOMP_histopathology,https://storage.googleapis.com/jax-public-ngff/public/45491.zarr,opens,,2D (single z-slice),0.5,3,uint8,tczyx,1x3x1x50432x101760,1x3x1x1024x1024,1x3x1x32768x32768,sharding+bytes+blosc,7,native,,1,false,true,ok,ok,,3563
JAX · KOMP_histopathology,https://storage.googleapis.com/jax-public-ngff/public/45252.zarr,opens,,2D (single z-slice),0.5,3,uint8,tczyx,1x3x1x53760x80640,1x3x1x1024x1024,1x3x1x32768x32768,sharding+bytes+blosc,7,native,,1,false,true,ok,ok,,2805
JAX · KOMP_histopathology,https://storage.googleapis.com/jax-public-ngff/public/42751.zarr,opens,,2D (single z-slice),0.5,3,uint8,tczyx,1x3x1x41216x96000,1x3x1x1024x1024,1x3x1x32768x32768,sharding+bytes+blosc,7,native,,1,false,true,ok,ok,,2451
JAX · KOMP_histopathology,https://storage.googleapis.com/jax-public-ngff/public/42399.zarr,opens,,2D (single z-slice),0.5,3,uint8,tczyx,1x3x1x44032x92160,1x3x1x1024x1024,1x3x1x32768x32768,sharding+bytes+blosc,7,native,,2,false,true,ok,ok,,2853
JAX · KOMP_histopathology,https://storage.googleapis.com/jax-public-ngff/public/42608.zarr,opens,,2D (single z-slice),0.5,3,uint8,tczyx,1x3x1x48640x92160,1x3x1x1024x1024,1x3x1x32768x32768,sharding+bytes+blosc,7,native,,2,false,true,ok,ok,,3318
JAX · KOMP_histopathology,https://storage.googleapis.com/jax-public-ngff/public/43336.zarr,opens,,2D (single z-slice),0.5,3,uint8,tczyx,1x3x1x51968x88320,1x3x1x1024x1024,1x3x1x32768x32768,sharding+bytes+blosc,7,native,,1,false,true,ok,ok,,2659
Webknossos,https://data-humerus.webknossos.org/data/zarr3_experimental/652d442501000053049c0270/color,axes,"Spatial axis order ""x, y, z"" is not supported (expected z, y, x)",,0.5,3,uint8,cxyz,1x11333x23573x2494,1x32x32x32,,transpose+bytes,9,,,,false,false,ok,,,4017
Webknossos,https://demo.data2-brain.esc.rzg.mpg.de/data/zarr3_experimental/62b17f19010000aa0075d7bb/color,unreachable,HTTP network error,,,,,,,,,,0,,,,false,false,unknown,,,40001
Webknossos,https://demo.data2-brain.esc.rzg.mpg.de/data/zarr3_experimental/62b17fcd010000eb0075d7c0/color,unreachable,HTTP network error,,,,,,,,,,0,,,,false,false,unknown,,,40001
Webknossos,https://demo.data2-brain.esc.rzg.mpg.de/data/zarr3_experimental/5c1cd43801000026708c2783/color,unreachable,HTTP network error,,,,,,,,,,0,,,,false,false,unknown,,,40000
Webknossos,https://data-humerus.webknossos.org/data/zarr3_experimental/61a89e5d010000a700841987/color,axes,"Spatial axis order ""x, y, z"" is not supported (expected z, y, x)",,0.5,3,uint16,cxyz,1x2452x1320x926,1x32x32x32,,transpose+bytes,7,,,,false,false,ok,,,3062
Webknossos,https://demo.data2-brain.esc.rzg.mpg.de/data/zarr3_experimental/5fce1a2d0100007a00cfaff1/color,unreachable,HTTP network error,,,,,,,,,,0,,,,false,false,unknown,,,40000
Webknossos,https://demo.data2-brain.esc.rzg.mpg.de/data/zarr3_experimental/5fce19f10100007c00cfafef/color,unreachable,HTTP network error,,,,,,,,,,0,,,,false,false,unknown,,,40000
Webknossos,https://data-humerus.webknossos.org/data/zarr3_experimental/5ff2feb90100001800af8d3c/color,axes,"Spatial axis order ""x, y, z"" is not supported (expected z, y, x)",,0.5,3,uint8,cxyz,1x17101x9171x2501,1x32x32x32,,transpose+bytes,10,,,,false,false,ok,,,2909
Webknossos,https://demo.data2-brain.esc.rzg.mpg.de/data/zarr3_experimental/5c1cd439010000e66f8c2787/color,unreachable,HTTP network error,,,,,,,,,,0,,,,false,false,unknown,,,40001
Webknossos,https://demo.data2-brain.esc.rzg.mpg.de/data/zarr3_experimental/5abf857b48d7a73cea450ade/color_1,unreachable,HTTP network error,,,,,,,,,,0,,,,false,false,unknown,,,40000
Webknossos,https://data-humerus.webknossos.org/data/zarr3_experimental/5c5b135e01000056001752c6/color,axes,"Spatial axis order ""x, y, z"" is not supported (expected z, y, x)",,0.5,3,uint8,cxyz,1x831x831x280,1x32x32x32,,transpose+bytes,3,,,,false,false,ok,,,1767
Webknossos,https://data-humerus.webknossos.org/data/zarr3_experimental/5b3ce7bb1d0000340240b921/color,axes,"Spatial axis order ""x, y, z"" is not supported (expected z, y, x)",,0.5,3,uint8,cxyz,1x9216x9216x1024,1x32x32x32,,transpose+bytes,10,,,,false,false,ok,,,2887
Webknossos,https://data-humerus.webknossos.org/data/zarr3_experimental/5b3ce7bb1d0000340240b923/color,axes,"Spatial axis order ""x, y, z"" is not supported (expected z, y, x)",,0.5,3,uint8,cxyz,1x13312x10240x1024,1x32x32x32,,transpose+bytes,10,,,,false,false,ok,,,2889
Webknossos,https://demo.data2-brain.esc.rzg.mpg.de/data/zarr3_experimental/5a7c738a48d7a73cea3c83ca/color,unreachable,HTTP network error,,,,,,,,,,0,,,,false,false,unknown,,,40001
Webknossos,https://data-humerus.webknossos.org/data/zarr3_experimental/5c98db84010000b02339b49b/color,axes,"Spatial axis order ""x, y, z"" is not supported (expected z, y, x)",,0.5,3,uint8,cxyz,1x4992x16000x10112,1x32x32x32,,transpose+bytes,9,,,,false,false,ok,,,2736
Crick,https://radosgw.public.os.wwu.de/n4bi-wp1/challenge/crick/EM04534_04_dU_SBF_8bits_aligned_z4-136_7-7-50nm_v3.zarr,opens,,thin chunks (>32 chunks per brick),0.5,3,uint8,tczyx,1x1x133x9845x10717,1x1x1x1024x1024,1x1x1x2048x2048,sharding+bytes+blosc,4,native,,66,false,true,ok,ok,,6080
NFDI4BIOIMAGE · fzj,https://radosgw.public.os.wwu.de/n4bi-fzj/ome2024-ngff-challenge/1micron_reconstructions_VOI1.zarr,opens,,legacy pyramid fallback; thin chunks (>32 chunks per brick),0.5,3,uint8,zyx,6000x6000x6000,1x1024x1024,1x8192x8192,sharding+bytes+blosc,6,legacy,level 5 x: scale ratio 2.0053 is not an integer factor; level 5 y: scale ratio 2.0053 is not an integer factor,264,false,false,ok,ok,,7412
NFDI4BIOIMAGE · fzj,https://radosgw.public.os.wwu.de/n4bi-fzj/ome2024-ngff-challenge/1micron_reconstructions_VOI2.zarr,opens,,legacy pyramid fallback; thin chunks (>32 chunks per brick),0.5,3,uint8,zyx,6000x6000x6000,1x1024x1024,1x8192x8192,sharding+bytes+blosc,6,legacy,level 5 x: scale ratio 2.0053 is not an integer factor; level 5 y: scale ratio 2.0053 is not an integer factor,264,false,false,ok,ok,,6756
NFDI4BIOIMAGE · fzj,https://radosgw.public.os.wwu.de/n4bi-fzj/ome2024-ngff-challenge/1micron_sections.zarr,axes,Array has 2 dimensions — a volume needs at least 3,,0.5,3,uint8,yx,120900x139120,1024x1024,524288x524288,sharding+bytes+blosc,11,,,,false,false,ok,,,5050
NFDI4BIOIMAGE · flamingo,https://radosgw.public.os.wwu.de/n4bi-goe/Platynereis-H2B-TL.ome.zarr,not-ome-ngff,No OME-NGFF multiscales metadata found,,,3,,,,,,,0,,,,false,false,ok,,,2008
NFDI4BIOIMAGE · flamingo,https://radosgw.public.os.wwu.de/n4bi-goe/Zebrafish-H2B-short-timelapse.ome.zarr,not-ome-ngff,No OME-NGFF multiscales metadata found,,,3,,,,,,,0,,,,false,false,ok,,,1928
NFDI4BIOIMAGE · flamingo,https://radosgw.public.os.wwu.de/n4bi-goe/Zebrafish-XSPIM-multiview.ome.zarr,not-ome-ngff,No OME-NGFF multiscales metadata found,,,3,,,,,,,0,,,,false,false,ok,,,1615
NFDI4BIOIMAGE · uni_muenster_samples,https://radosgw.public.os2.wwu.de/ngff/WSI_resaved.zarr,opens,,2D (single z-slice),0.5,3,uint16,tczyx,1x3x1x244215x522693,1x1x1x256x256,1x1x1x2048x2048,sharding+bytes+blosc,7,native,,4,false,true,ok,ok,,6627
NFDI4BIOIMAGE · uni_muenster_samples,https://radosgw.public.os2.wwu.de/ngff/1904_resaved.zarr,hcs-plate,first field: https://radosgw.public.os2.wwu.de/ngff/1904_resaved.zarr/G/12/0,,,3,,,,,,,0,,,,false,false,ok,,false,3829
NFDI4BIOIMAGE · uni_muenster_samples,https://radosgw.public.os2.wwu.de/ngff/1905_resaved.zarr,hcs-plate,first field: https://radosgw.public.os2.wwu.de/ngff/1905_resaved.zarr/E/4/0,,,3,,,,,,,0,,,,false,false,ok,,false,3079
NFDI4BIOIMAGE · uni_muenster_samples,https://radosgw.public.os2.wwu.de/ngff/1906_resaved.zarr,hcs-plate,first field: https://radosgw.public.os2.wwu.de/ngff/1906_resaved.zarr/H/1/0,,,3,,,,,,,0,,,,false,false,ok,,false,2750
NFDI4BIOIMAGE · uni_muenster_samples,https://radosgw.public.os2.wwu.de/ngff/1907_resaved.zarr,hcs-plate,first field: https://radosgw.public.os2.wwu.de/ngff/1907_resaved.zarr/H/3/0,,,3,,,,,,,0,,,,false,false,ok,,false,3370
NFDI4BIOIMAGE · uni_muenster_samples,https://radosgw.public.os2.wwu.de/ngff/1908_resaved.zarr,hcs-plate,first field: https://radosgw.public.os2.wwu.de/ngff/1908_resaved.zarr/F/9/0,,,3,,,,,,,0,,,,false,false,ok,,false,3208
NFDI4BIOIMAGE · uni_muenster_samples,https://radosgw.public.os2.wwu.de/ngff/1909_resaved.zarr,hcs-plate,first field: https://radosgw.public.os2.wwu.de/ngff/1909_resaved.zarr/E/4/0,,,3,,,,,,,0,,,,false,false,ok,,false,2563
NFDI4BIOIMAGE · uni_muenster_samples,https://radosgw.public.os2.wwu.de/ngff/1910_resaved.zarr,hcs-plate,first field: https://radosgw.public.os2.wwu.de/ngff/1910_resaved.zarr/J/3/0,,,3,,,,,,,0,,,,false,false,ok,,false,2503
NFDI4BIOIMAGE · uni_muenster_samples,https://radosgw.public.os2.wwu.de/ngff/1912_resaved.zarr,hcs-plate,first field: https://radosgw.public.os2.wwu.de/ngff/1912_resaved.zarr/H/1/0,,,3,,,,,,,0,,,,false,false,ok,,false,2851
NFDI4BIOIMAGE · uni_muenster_samples,https://radosgw.public.os2.wwu.de/ngff/1913_resaved.zarr,hcs-plate,first field: https://radosgw.public.os2.wwu.de/ngff/1913_resaved.zarr/B/3/0,,,3,,,,,,,0,,,,false,false,ok,,false,2790
NFDI4BIOIMAGE · uni_muenster_samples,https://radosgw.public.os2.wwu.de/ngff/1914_resaved.zarr,hcs-plate,first field: https://radosgw.public.os2.wwu.de/ngff/1914_resaved.zarr/C/1/0,,,3,,,,,,,0,,,,false,false,ok,,false,2817
NFDI4BIOIMAGE · uni_muenster_samples,https://radosgw.public.os2.wwu.de/ngff/1915_resaved.zarr,hcs-plate,first field: https://radosgw.public.os2.wwu.de/ngff/1915_resaved.zarr/J/2/0,,,3,,,,,,,0,,,,false,false,ok,,false,2612
NFDI4BIOIMAGE · uni_muenster_samples,https://radosgw.public.os2.wwu.de/ngff/1916_resaved.zarr,hcs-plate,first field: https://radosgw.public.os2.wwu.de/ngff/1916_resaved.zarr/A/5/0,,,3,,,,,,,0,,,,false,false,ok,,false,2146
NFDI4BIOIMAGE · uni_muenster_samples,https://radosgw.public.os2.wwu.de/ngff/1917_resaved.zarr,hcs-plate,first field: https://radosgw.public.os2.wwu.de/ngff/1917_resaved.zarr/A/10/0,,,3,,,,,,,0,,,,false,false,ok,,false,2462
NFDI4BIOIMAGE · uni_muenster_samples,https://radosgw.public.os2.wwu.de/ngff/1918_resaved.zarr,hcs-plate,first field: https://radosgw.public.os2.wwu.de/ngff/1918_resaved.zarr/I/3/0,,,3,,,,,,,0,,,,false,false,ok,,false,2139
NFDI4BIOIMAGE · lin_samples,https://radosgw.public.os.wwu.de/ta3-bucket/150715_DBE_Drosi_CherryCAAX_nSybGal4/L3_nsybG4xcherryCAAXmerged.ims.zarr,opens,,thin chunks (>32 chunks per brick),0.5,3,uint8,tczyx,1x1x707x4127x12497,1x1x1x256x256,1x1x1x2048x2048,sharding+bytes+blosc,7,native,,132,false,true,ok,ok,,4463
NFDI4BIOIMAGE · lin_samples,https://radosgw.public.os.wwu.de/ta3-bucket/150421_DBE_L3_C155xCherryDlgS97/stiched_1.ims.zarr,opens,,thin chunks (>32 chunks per brick),0.5,3,uint8,tczyx,1x2x367x6097x9665,1x1x1x256x256,1x1x1x2048x2048,sharding+bytes+blosc,7,native,,264,false,true,ok,ok,,4445
NFDI4BIOIMAGE · lin_samples,https://radosgw.public.os.wwu.de/ta3-bucket/2014_07_04_Drosi_hole_larve_GFP/Larve_2_20x095_Z1_4096_BAPP_with_cslip.lif.zarr,opens,,thin chunks (>32 chunks per brick),0.5,3,uint8,tczyx,1x1x316x4096x4096,1x1x1x256x256,1x1x1x2048x2048,sharding+bytes+blosc,5,native,,264,false,true,ok,ok,,4082
NFDI4BIOIMAGE · lin_samples,https://radosgw.public.os.wwu.de/ta3-bucket/2014_07_04_Drosi_hole_larve_GFP/Larve_2_20x095_Z2_2048_BAPP_wo_cslip.lif.zarr,opens,,thin chunks (>32 chunks per brick),0.5,3,uint8,tczyx,1x2x155x2048x2048,1x1x1x256x256,1x1x1x2048x2048,sharding+bytes+blosc,4,native,,264,false,true,ok,ok,,3954
NFDI4BIOIMAGE · lin_samples,https://radosgw.public.os.wwu.de/ta3-bucket/150709_DBE_Drosi_CherryCAAX_OK371/DBE_Drosi_L3_OK371xcherryCAAX_merged.ims.zarr,opens,,thin chunks (>32 chunks per brick),0.5,3,uint8,tczyx,1x1x701x4224x15308,1x1x1x256x256,1x1x1x2048x2048,sharding+bytes+blosc,7,native,,132,false,true,ok,ok,,5304
NFDI4BIOIMAGE · lin_samples,https://radosgw.public.os.wwu.de/ta3-bucket/140721_Drosi_whole_larve_BABB/Drosi_holeLarve_20x095_2048_Z1.lif.zarr,opens,,2D (single z-slice),0.5,3,uint8,tczyx,1x1x1x3912x849,1x1x1x256x256,1x1x1x2048x2048,sharding+bytes+blosc,5,native,,4,false,true,ok,ok,,4658
NFDI4BIOIMAGE · lin_samples,https://radosgw.public.os.wwu.de/ta3-bucket/Larvae_2_10x_Z1_25_2048.lif.zarr,opens,,thin chunks (>32 chunks per brick),0.5,3,uint8,tczyx,1x1x490x2048x2048,1x1x1x256x256,1x1x1x2048x2048,sharding+bytes+blosc,4,native,,264,false,true,ok,ok,,4143
NFDI4BIOIMAGE · lin_samples,https://radosgw.public.os.wwu.de/ta3-bucket/Drosi_Larvae_Tiles_2.lif.zarr,opens,,thin chunks (>32 chunks per brick),0.5,3,uint8,tczyx,1x1x525x4096x4096,1x1x1x256x256,1x1x1x2048x2048,sharding+bytes+blosc,5,native,,264,false,true,ok,ok,,4592
NFDI4BIOIMAGE · lin_samples,https://radosgw.public.os.wwu.de/ta3-bucket/a114.zarr,opens,,thin chunks (>32 chunks per brick),0.5,3,uint16,tczyx,1x2x4065x2048x2048,1x1x1x256x256,1x1x1x2048x2048,sharding+bytes+blosc,4,native,,264,false,true,ok,ok,,4353
NFDI4BIOIMAGE · lin_samples,https://radosgw.public.os.wwu.de/ta3-bucket/a115.zarr,opens,,thin chunks (>32 chunks per brick),0.5,3,uint16,tczyx,1x2x3996x2048x2048,1x1x1x256x256,1x1x1x2048x2048,sharding+bytes+blosc,4,native,,264,false,true,ok,ok,,3985
NFDI4BIOIMAGE · lin_samples,https://radosgw.public.os.wwu.de/ta3-bucket/a116.zarr,opens,,thin chunks (>32 chunks per brick),0.5,3,uint16,tczyx,1x2x3875x2048x2048,1x1x1x256x256,1x1x1x2048x2048,sharding+bytes+blosc,4,native,,264,false,true,ok,ok,,4099
NFDI4BIOIMAGE · lin_samples,https://radosgw.public.os.wwu.de/ta3-bucket/a117.zarr,opens,,thin chunks (>32 chunks per brick),0.5,3,uint16,tczyx,1x2x4155x2048x2048,1x1x1x256x256,1x1x1x2048x2048,sharding+bytes+blosc,4,native,,264,false,true,ok,ok,,4377
NFDI4BIOIMAGE · lin_samples,https://radosgw.public.os.wwu.de/ta3-bucket/emimmsyn1.zarr,opens,,thin chunks (>32 chunks per brick),0.5,3,uint16,tczyx,1x1x833x1194x2010,1x1x1x256x256,1x1x1x2048x2048,sharding+bytes+blosc,4,native,,132,false,true,ok,ok,,3855
NFDI4BIOIMAGE · lin_samples,https://radosgw.public.os.wwu.de/ta3-bucket/emimmsyn2.zarr,opens,,thin chunks (>32 chunks per brick),0.5,3,uint8,tczyx,1x1x1020x1133x4487,1x1x1x256x256,1x1x1x2048x2048,sharding+bytes+blosc,6,native,,132,false,true,ok,ok,,4177
NFDI4BIOIMAGE · lin_samples,https://radosgw.public.os.wwu.de/ta3-bucket/emimmsyn3.zarr,opens,,thin chunks (>32 chunks per brick),0.5,3,uint8,tczyx,1x1x1191x1252x3274,1x1x1x256x256,1x1x1x2048x2048,sharding+bytes+blosc,5,native,,66,false,true,ok,ok,,4483
SSBD,https://dmss3gw.riken.jp/ssbd/zarr/v0.5/038d16f4-af14-47b0-a70d-f6349f00b046.zarr,opens,,thin chunks (>32 chunks per brick),0.5,3,uint16,tczyx,1x1x520x2160x2560,1x1x1x540x640,1x1x520x2160x2560,sharding+bytes+blosc,3,native,,132,false,true,ok,ok,,3176
SSBD,https://dmss3gw.riken.jp/ssbd/zarr/v0.5/27f8e9c0-e258-4dd2-ab1b-d2156f9b46e3.zarr,opens,,thin chunks (>32 chunks per brick),0.5,3,uint16,tczyx,1x1x709x2160x2560,1x1x1x540x640,1x1x709x2160x2560,sharding+bytes+blosc,3,native,,132,false,true,ok,ok,,3012
SSBD,https://dmss3gw.riken.jp/ssbd/zarr/v0.5/2a942ef9-fb53-4cf4-b142-6c02791acb86.zarr,opens,,time series (first timepoint only); 2D (single z-slice),0.5,3,uint16,tczyx,361x1x1x256x1024,1x1x1x256x1024,361x1x1x256x1024,sharding+bytes+blosc,3,native,,1,false,true,ok,ok,,2863
SSBD,https://dmss3gw.riken.jp/ssbd/zarr/v0.5/2b9f8ab8-5e53-434e-bb08-89e54c232ad8.zarr,opens,,2D (single z-slice),0.5,3,uint8,tczyx,1x1x1x1538x2048,1x1x1x1538x1024,1x1x1x1538x2048,sharding+bytes+blosc,3,native,,2,false,true,ok,ok,,3173
SSBD,https://dmss3gw.riken.jp/ssbd/zarr/v0.5/396ac197-aeed-4121-b590-d746b5b27862.zarr,opens,,time series (first timepoint only); 2D (single z-slice),0.5,3,uint16,tczyx,200x1x1x9180x13264,1x1x1x2295x3316,200x1x1x9180x13264,sharding+bytes+blosc,3,native,,1,false,true,ok,ok,,4144
SSBD,https://dmss3gw.riken.jp/ssbd/zarr/v0.5/6b003c94-9e1d-4fe2-99e0-628e5be2321d.zarr,opens,,thin chunks (>32 chunks per brick),0.5,3,uint16,tczyx,1x1x696x2160x2560,1x1x1x540x640,1x1x696x2160x2560,sharding+bytes+blosc,3,native,,132,false,true,ok,ok,,3078
SSBD,https://dmss3gw.riken.jp/ssbd/zarr/v0.5/71df7f94-2661-4438-9a6d-3b317cd23409.zarr,opens,,thin chunks (>32 chunks per brick),0.5,3,uint16,tczyx,1x3x58x844x844,1x1x1x844x844,1x3x58x844x844,sharding+bytes+blosc,3,native,,58,false,true,ok,ok,,2564
SSBD,https://dmss3gw.riken.jp/ssbd/zarr/v0.5/8b0e0f7f-0ed4-487a-b8d2-cd6744d43c3e.zarr,opens,,time series (first timepoint only); thin chunks (>32 chunks per brick),0.5,3,uint8,tczyx,271x2x43x855x862,1x1x1x855x862,271x2x43x855x862,sharding+bytes+blosc,3,native,,43,false,true,ok,ok,,2669
SSBD,https://dmss3gw.riken.jp/ssbd/zarr/v0.5/ed70ed19-eec3-439b-b8a0-f38edc1c46a4.zarr,opens,,thin chunks (>32 chunks per brick),0.5,3,uint16,tczyx,1x1x665x2160x2560,1x1x1x540x640,1x1x665x2160x2560,sharding+bytes+blosc,3,native,,132,false,true,ok,ok,,2689
SSBD,https://dmss3gw.riken.jp/ssbd/zarr/v0.5/f4331e06-dd38-46fd-ab2c-c53bf070db7f.zarr,opens,,time series (first timepoint only),0.5,3,uint8,tczyx,180x1x66x600x600,1x1x1x600x600,180x1x66x600x600,sharding+bytes+blosc,3,native,,3,false,true,ok,ok,,2772
SSBD,https://dmss3gw.riken.jp/ssbd/zarr/v0.5/0620364b-b91a-44b6-a290-24fd84d38264.zarr,opens,,2D (single z-slice),0.5,3,uint8,tczyx,1x3x1x9180x13264,1x1x1x2295x3316,1x3x1x9180x13264,sharding+bytes+blosc,3,native,,1,false,true,ok,ok,,2370
IDR OME-NGFF samples,https://livingobjects.ebi.ac.uk/idr/zarr/v0.1/12689244.zarr,opens,,thin chunks (>32 chunks per brick),0.1,2,uint16,tczyx,1x3x401x4255x4992,1x1x1x4255x4992,,blosc/lz4,7,native,,66,false,true,ok,ok,,4441
IDR OME-NGFF samples,https://livingobjects.ebi.ac.uk/idr/zarr/v0.1/6001238.zarr,opens,,,0.1,2,uint16,tczyx,1x4x27x1024x1024,1x1x1x1024x1024,,blosc/lz4,3,native,,27,false,true,ok,ok,,4671
IDR OME-NGFF samples,https://livingobjects.ebi.ac.uk/idr/zarr/v0.1/6001245.zarr,opens,,thin chunks (>32 chunks per brick),0.1,2,uint16,tczyx,1x2x257x226x220,1x1x1x226x220,,blosc/lz4,1,native,,66,false,true,ok,ok,,4533
IDR OME-NGFF samples,https://livingobjects.ebi.ac.uk/idr/zarr/v0.1/6001252.zarr,opens,,thin chunks (>32 chunks per brick),0.1,2,uint16,tczyx,1x2x297x163x170,1x1x1x163x170,,blosc/lz4,1,native,,66,false,true,ok,ok,,4388
IDR OME-NGFF samples,https://livingobjects.ebi.ac.uk/idr/zarr/v0.1/6001258.zarr,opens,,thin chunks (>32 chunks per brick),0.1,2,uint8,tczyx,1x3x36x838x1282,1x1x1x838x1024,,blosc/lz4,4,native,,36,false,true,ok,ok,,4199
IDR OME-NGFF samples,https://livingobjects.ebi.ac.uk/idr/zarr/v0.1/9836835.zarr,opens,,thin chunks (>32 chunks per brick),0.1,2,uint16,tczyx,1x4x259x1920x1920,1x1x1x1024x1024,,blosc/lz4,4,native,,264,false,true,ok,ok,,4927
IDR OME-NGFF samples,https://livingobjects.ebi.ac.uk/idr/zarr/v0.1/9836842.zarr,opens,,2D (single z-slice),0.1,2,uint16,tczyx,1x4x1x1920x1920,1x1x1x1024x1024,,blosc/lz4,4,native,,4,false,true,ok,ok,,4986
IDR OME-NGFF samples,https://livingobjects.ebi.ac.uk/idr/zarr/v0.1/plates/2551.zarr,hcs-plate,first field: https://livingobjects.ebi.ac.uk/idr/zarr/v0.1/plates/2551.zarr/E/10/0,,,2,,,,,,,0,,,,false,false,ok,,true,3491
IDR OME-NGFF samples,https://livingobjects.ebi.ac.uk/idr/zarr/v0.2/idr0070A/9838562.zarr,opens,,2D (single z-slice),0.2,2,uint8,tczyx,1x3x1x4668x1616,1x1x1x1024x1024,,blosc/lz4,6,native,,1,false,false,ok,ok,,5766
IDR OME-NGFF samples,https://livingobjects.ebi.ac.uk/idr/zarr/v0.3/idr0095B/11511422.zarr,axes,"Expected 3 spatial axes, found 2",,0.3,2,uint16,cyx,3x2048x2048,1x2048x2048,,blosc/lz4,6,,,,true,true,ok,,,2963
IDR OME-NGFF samples,https://livingobjects.ebi.ac.uk/idr/zarr/v0.3/idr0040A/3491626.zarr,axes,"Expected 3 spatial axes, found 2",,0.3,2,uint16,tcyx,20x5x2048x2048,1x1x2048x2048,,blosc/lz4,6,,,,false,true,ok,,,2857
IDR OME-NGFF samples,https://livingobjects.ebi.ac.uk/idr/zarr/v0.4/idr0128E/9701.zarr,hcs-plate,first field: https://livingobjects.ebi.ac.uk/idr/zarr/v0.4/idr0128E/9701.zarr/A/1/0,,,2,,,,,,,0,,,,false,false,ok,,true,3774
IDR OME-NGFF samples,https://livingobjects.ebi.ac.uk/idr/zarr/v0.4/idr0047A/4496763.zarr,opens,,labels not shown,0.4,2,uint16,czyx,4x25x2048x2048,1x1x2048x2048,,blosc/lz4,6,native,,25,true,true,ok,ok,,4597
IDR OME-NGFF samples,https://livingobjects.ebi.ac.uk/idr/zarr/v0.4/idr0048A/9846151.zarr,opens,,thin chunks (>32 chunks per brick),0.4,2,uint16,tczyx,1x3x1402x5192x2947,1x1x1x1024x1024,,blosc/lz4,6,native,,66,false,true,ok,ok,,5897
IDR OME-NGFF samples,https://livingobjects.ebi.ac.uk/idr/zarr/v0.5/idr0062A/6001240_labels.zarr,opens,,thin chunks (>32 chunks per brick); labels not shown,0.5,3,uint16,czyx,2x236x275x271,1x1x256x256,1x10x512x512,sharding+bytes+blosc,3,native,,66,true,true,ok,ok,,9762
OME-Zarr Open SciVis,https://ome-zarr-scivis.s3.us-east-1.amazonaws.com/v0.5/96x2/aneurism.ome.zarr,opens,,,0.5,3,uint8,zyx,256x256x256,64x64x128,,bytes+zstd,2,native,,18,false,true,ok,ok,,3233
OME-Zarr Open SciVis,https://ome-zarr-scivis.s3.us-east-1.amazonaws.com/v0.5/96x2/blunt_fin.ome.zarr,opens,,,0.5,3,uint8,zyx,64x128x256,32x64x128,,bytes+zstd,2,native,,8,false,true,ok,ok,,3327
OME-Zarr Open SciVis,https://ome-zarr-scivis.s3.us-east-1.amazonaws.com/v0.5/96x2/bunny.ome.zarr,opens,,,0.5,3,uint16,zyx,361x512x512,46x128x128,,bytes+zstd,3,native,,8,false,true,ok,ok,,3578
OME-Zarr Open SciVis,https://ome-zarr-scivis.s3.us-east-1.amazonaws.com/v0.5/96x2/csafe_heptane.ome.zarr,opens,,,0.5,3,uint8,zyx,302x302x302,76x76x151,,bytes+zstd,2,native,,8,false,true,ok,ok,,3265
OME-Zarr Open SciVis,https://ome-zarr-scivis.s3.us-east-1.amazonaws.com/v0.5/96x2/foot.ome.zarr,opens,,,0.5,3,uint8,zyx,256x256x256,64x64x128,,bytes+zstd,2,native,,18,false,true,ok,ok,,3274
OME-Zarr Open SciVis,https://ome-zarr-scivis.s3.us-east-1.amazonaws.com/v0.5/96x2/hydrogen_atom.ome.zarr,opens,,,0.5,3,uint8,zyx,128x128x128,64x64x64,,bytes+zstd,1,native,,8,false,true,ok,ok,,2962
OME-Zarr Open SciVis,https://ome-zarr-scivis.s3.us-east-1.amazonaws.com/v0.5/96x2/lobster.ome.zarr,opens,,,0.5,3,uint8,zyx,56x324x301,14x162x151,,bytes+zstd,2,native,,8,false,true,ok,ok,,3343
OME-Zarr Open SciVis,https://ome-zarr-scivis.s3.us-east-1.amazonaws.com/v0.5/96x2/marschner_lobb.ome.zarr,opens,,,0.5,3,uint8,zyx,41x41x41,41x41x41,,bytes+zstd,1,native,,1,false,true,ok,ok,,2940
OME-Zarr Open SciVis,https://ome-zarr-scivis.s3.us-east-1.amazonaws.com/v0.5/96x2/mrt_angio.ome.zarr,opens,,,0.5,3,uint16,zyx,112x512x416,28x128x104,,bytes+zstd,3,native,,8,false,true,ok,ok,,3591
OME-Zarr Open SciVis,https://ome-zarr-scivis.s3.us-east-1.amazonaws.com/v0.5/96x2/nucleon.ome.zarr,opens,,,0.5,3,uint8,zyx,41x41x41,41x41x41,,bytes+zstd,1,native,,1,false,true,ok,ok,,2863
OME-Zarr Open SciVis,https://ome-zarr-scivis.s3.us-east-1.amazonaws.com/v0.5/96x2/present.ome.zarr,opens,,,0.5,3,uint16,zyx,442x492x492,56x123x123,,bytes+zstd,3,native,,2,false,true,ok,ok,,3577
OME-Zarr Open SciVis,https://ome-zarr-scivis.s3.us-east-1.amazonaws.com/v0.5/96x2/shockwave.ome.zarr,opens,,,0.5,3,uint8,zyx,512x64x64,256x32x32,,bytes+zstd,3,native,,8,false,true,ok,ok,,3323
OME-Zarr Open SciVis,https://ome-zarr-scivis.s3.us-east-1.amazonaws.com/v0.5/96x2/spathorhynchus.ome.zarr,opens,,,0.5,3,uint16,zyx,750x1024x1024,94x128x128,,bytes+zstd,4,native,,4,false,true,ok,ok,,3933
OME-Zarr Open SciVis,https://ome-zarr-scivis.s3.us-east-1.amazonaws.com/v0.5/96x2/synthetic_truss_with_five_defects.ome.zarr,opens,,legacy pyramid fallback,0.5,3,float32,zyx,1200x1200x1200,100x100x100,,bytes+zstd,4,legacy,level 1 y: 598 voxels do not match factor 2 of 1200; level 1 z: 598 voxels do not match factor 2 of 1200,8,false,true,ok,ok,,6404
OME-Zarr Open SciVis,https://ome-zarr-scivis.s3.us-east-1.amazonaws.com/v0.5/96x2/vertebra.ome.zarr,opens,,,0.5,3,uint16,zyx,512x512x512,64x64x128,,bytes+zstd,3,native,,18,false,true,ok,ok,,3615
